"<a href='https://www.idigbio.org/portal/recordsets/1ea6c281-e2ca-4e79-80b7-63e27812044c'>Museum of Cultural and Natural History Bird Collection - MCNH-Bird</a>","5,000 Records"
"<a href='https://www.idigbio.org/portal/recordsets/b764863c-de93-4d7c-b0cf-1bb57166141d'>University of Texas at El Paso Biodiversity Collections - Entomology</a>","516 Records"
"<a href='https://www.idigbio.org/portal/recordsets/43362664-f117-47cb-9fc4-56c1a1e8c962'>California State University, Fullerton, and County of Orange, The John D. Cooper Archaeological and Paleontological Center - OCPC</a>","7,441 Records"
"<a href='https://www.idigbio.org/portal/recordsets/459bd81e-63b9-47d2-9818-dceb6657bea0'>University of Michigan Museum of Zoology, Division of Fishes - ummz_fish</a>","188,280 Records"
"<a href='https://www.idigbio.org/portal/recordsets/9c5fea92-a28b-4b6e-94b5-9c939f7369a2'>University of Michigan Museum of Zoology,Mollusks - UMMZ-mollusks</a>","132,570 Records"
"<a href='https://www.idigbio.org/portal/recordsets/1fc07b28-43f5-49d1-badf-63005e1c3e9a'>Texas Lutheran University, Herbarium - TLU</a>","5,416 Records"
"<a href='https://www.idigbio.org/portal/recordsets/d478c23a-1993-443d-85ea-308870606626'>Buffalo Museum of Science, The Clinton Herbarium - BUF</a>","96,726 Records"
"<a href='https://www.idigbio.org/portal/recordsets/6659b6dd-d487-4b72-b0c8-ae65942a6f15'>University of Minnesota, James Ford Bell Museum of Natural History - MIN-Bird</a>","48,470 Records"
"<a href='https://www.idigbio.org/portal/recordsets/2936c837-ad9f-40d8-bea0-58b2a635c637'>University of Minnesota, Bell Museum of Natural History - MIN-Algae</a>","22 Records"
"<a href='https://www.idigbio.org/portal/recordsets/72059315-e131-42ba-b7c6-489415e297b9'>University of Minnesota, Bell Museum of Natural History - JFBM-Mollusks</a>","19,549 Records"
"<a href='https://www.idigbio.org/portal/recordsets/e1c7bc41-50a4-4723-b8b3-f970844ffb65'>University of Minnesota, Bell Museum of Natural History - MIN-Paleobotany</a>","150 Records"
"<a href='https://www.idigbio.org/portal/recordsets/5082e6c8-8f5b-4bf6-a930-e3e6de7bf6fb'>Los Angeles County Natural History Museum - LACM Invertebrate Paleontology</a>","1,001 Records"
"<a href='https://www.idigbio.org/portal/recordsets/dd1b8c0b-280f-4cd3-979a-ad7464c5c9b5'>University of California Riverside - Herbarium - UCR</a>","267,409 Records"
"<a href='https://www.idigbio.org/portal/recordsets/0038ce2e-43bb-4f70-8dd6-dca34efd3fca'>Old Dominion University Herbarium - ODU</a>","1,730 Records"
"<a href='https://www.idigbio.org/portal/recordsets/40d35f62-cf89-488a-bad3-66e66d38c10c'>Highlands Biological Station Herbarium - HBSH</a>","641 Records"
"<a href='https://www.idigbio.org/portal/recordset/a4e6033a-d1eb-46d3-869d-7c0328f09aa7'>Rancho Santa Ana Botanic Garden Herbarium - RSA/POM</a>","516,309 Records"
"<a href='https://www.idigbio.org/portal/recordset/b0099c3d-bc60-42ae-a9a1-d602a2b1e965'>Eastern Michigan University, T. L. Hankinson Vertebrate Museum - EMU Mammals</a>","1,242 Records"
"<a href='https://www.idigbio.org/portal/recordset/ef02b508-69db-449a-a87e-01e4afadec89'>University of Texas, El Paso - UTEP  Zooplankton</a>","134 Records"
"<a href='https://www.idigbio.org/portal/recordset/71e55d91-4c0c-4a13-9421-c732348b0a47'>University of New Mexico - UNM Earth Sciences</a>","145 Records"
"<a href='https://www.idigbio.org/portal/recordset/77e7e6bd-7822-4b84-a46b-39a06abdac2e'>Carnegie Museum of Natural History -  CM Mollusks</a>","145,394 Records"
"<a href='https://www.idigbio.org/portal/recordset/10d835b1-1062-4236-9329-444ed81f624f'>University of New Mexico Museum of Southwestern Biology - MSB Fish</a>","99,074 Records"
"<a href='https://www.idigbio.org/portal/recordset/d78d13a7-3852-4244-ba34-86ef5765fa99'>University of Massachusetts, Amherst - MASS (includes Amherst College - AC)</a>","97,397 Records"
"<a href='https://www.idigbio.org/portal/recordset/64b54f96-91f0-4442-b6de-173aa1a5c31b'>Bartlett Arboretum Herbarium - BART</a>","3,789 Records"
"<a href='https://www.idigbio.org/portal/recordset/a69decc7-76ba-496a-a66e-f91049c02cf0'>Boston University, Stuart K. Harris Herbarium - BSN</a>","40,941 Records"
"<a href='https://www.idigbio.org/portal/recordset/282fe9c2-d6cb-4325-b3b5-b70ab1d22bbb'>Western Connecticut State University Herbarium - WCSU</a>","4,631 Records"
"<a href='https://www.idigbio.org/portal/recordset/ef59f7cc-ed42-45fc-9abc-5edfb2c8caec'>Berea College, Ralph L. Thompson Herbarium - BEREA</a>","12,227 Records"
"<a href='https://www.idigbio.org/portal/recordset/9fab87bf-c5a7-4296-acdc-f22859cfe620'>University of Nevada, Reno, Museum of Natural History - UNR Entomology</a>","1 Records"
"<a href='https://www.idigbio.org/portal/recordset/1320a827-d62a-45b1-9d26-c0aa4790a422'>University of Minnesota - MIN Insect</a>","18,040 Records"
"<a href='https://www.idigbio.org/portal/recordset/f4666aa7-93f0-41f7-83c2-497af7a06887'>Broward College - BROW Insect</a>","76 Records"
"<a href='https://www.idigbio.org/portal/recordset/50ca2a08-0e76-4f56-9976-d344dd201a9b'>University of South Carolina Salkehatchie Herbarium - SALK</a>","275 Records"
"<a href='https://www.idigbio.org/portal/recordset/2e03b83d-d2b9-4a8e-90b5-42b5b1301a92'>Canadian Museum of Nature - CMN Mollusc</a>","44,268 Records"
"<a href='https://www.idigbio.org/portal/recordset/4d9103e7-fe58-4dc5-9fa8-e739949fd3f3'>Canadian Museum of Nature - CMN Fish</a>","60,907 Records"
"<a href='https://www.idigbio.org/portal/recordset/0e0d4dba-9c5d-4dbf-9ac8-09114c56ec03'>Canadian Museum of Nature - CMN Insect</a>","19,051 Records"
"<a href='https://www.idigbio.org/portal/recordset/8057906f-17c9-4e25-b173-4e7fb938078b'>Canadian Museum of Nature - CMN Herbarium</a>","252,155 Records"
"<a href='https://www.idigbio.org/portal/recordset/639ae683-0a66-4a59-9c09-36304bf11424'>Canadian Museum of Nature - CMN Bird</a>","100,970 Records"
"<a href='https://www.idigbio.org/portal/recordset/ba4b4a05-f01f-4b16-b36a-83bf997a8722'>Canadian Museum of Nature - CMN Crustacea</a>","59,780 Records"
"<a href='https://www.idigbio.org/portal/recordset/2148b4f7-a770-4bca-b276-da70ae948690'>Canadian Museum of Nature - CMN General Invertebrate</a>","8,750 Records"
"<a href='https://www.idigbio.org/portal/recordset/07389fe4-c6dc-4e6c-87d2-345e2d183050'>Canadian Museum of Nature - CMN Amphibian and Reptile</a>","37,667 Records"
"<a href='https://www.idigbio.org/portal/recordset/a4c4e0ee-38dd-47fd-9b06-ce4cc011e111'>Canadian Museum of Nature - CMN Mammal</a>","59,469 Records"
"<a href='https://www.idigbio.org/portal/recordset/cb4882a8-19d3-41a1-9373-c1a868b5ac9b'>Canadian Museum of Nature - CMN Annelid</a>","4,462 Records"
"<a href='https://www.idigbio.org/portal/recordset/90d6f994-d652-49d0-b6e6-924c65c4c079'>Canadian Museum of Nature - CMN Parasite</a>","15,259 Records"
"<a href='https://www.idigbio.org/portal/recordset/6f470382-cb0b-4634-a796-2248bfa97fdc'>Campbell University Herbarium - CAU</a>","185 Records"
"<a href='https://www.idigbio.org/portal/recordset/79aa7602-a963-44f3-82dd-e141a387adb8'>Morehead State University Herbarium - MDKY</a>","10,415 Records"
"<a href='https://www.idigbio.org/portal/recordset/3bbf3659-4b21-40b7-b74f-f17a60097154'>Rocky Mountain Biological Laboratory - RMBL Mammals</a>","619 Records"
"<a href='https://www.idigbio.org/portal/recordset/02edea37-e897-409a-a372-8865460ba9c1'>Abilene Christian University - ACUNHC Mammals</a>","2,090 Records"
"<a href='https://www.idigbio.org/portal/recordset/a8ac06c9-efb5-4337-9bdb-bee3b490772c'>Ditsong National Museum of Natural History Collection: 1805-2008</a>","162,150 Records"
"<a href='https://www.idigbio.org/portal/recordset/7df4be6b-67e9-4c05-8cd9-f546bdcc54d0'>IZIKO South Africa Museum Collection (1800-2013)</a>","258,397 Records"
"<a href='https://www.idigbio.org/portal/recordset/8b7ece52-d8b3-4999-978c-c18cb12065d3'>ARC-PPRI: National Survey of Arachnida (1905-2009)</a>","41,575 Records"
"<a href='https://www.idigbio.org/portal/recordset/38c75faa-67df-46ae-bce8-331f46d46140'>Bolus Herbarium Specimens Collection (1865-2009)</a>","44,879 Records"
"<a href='https://www.idigbio.org/portal/recordset/0e162e0a-bf3e-4710-9357-44258ca12abb'>Florida Museum of Natural History - FLMNH Paleobotany</a>","55,552 Records"
"<a href='https://www.idigbio.org/portal/recordset/4960f30c-c1c7-490e-966a-61ad02969e38'>Patuxent Research Refuge Herbarium - USFWS-PRR</a>","4,850 Records"
"<a href='https://www.idigbio.org/portal/recordset/88271bd3-1985-4fa7-9e33-f82cc24dfad3'>University of New Mexico, Museum of Southwestern Biology - MSB Amphibians and Reptiles</a>","18,826 Records"
"<a href='https://www.idigbio.org/portal/recordset/774a153b-e556-47f6-95d1-bab49e61cc58'>Academy of Natural Sciences of Philadelphia - ANSP Malacology</a>","480,848 Records"
"<a href='https://www.idigbio.org/portal/recordset/fb4cc282-eba5-4156-b7c7-df41e0581b68'>University of South Carolina, A. C. Moore Herbarium - USCH Fungi</a>","624 Records"
"<a href='https://www.idigbio.org/portal/recordset/e5f377de-c662-4eec-a4d4-b41b18441f3a'>University of South Carolina, A. C. Moore Herbarium - USCH Lichens</a>","352 Records"
"<a href='https://www.idigbio.org/portal/recordset/a2845484-4243-44a3-8cd3-0a4866513ffc'>Museum of Cultural and Natural History - MCNH Amphibians</a>","2,086 Records"
"<a href='https://www.idigbio.org/portal/recordset/b8e6077e-ae92-481f-a018-ed18bcefb62d'>Museum of Cultural and Natural History - MCNH Fish</a>","1,738 Records"
"<a href='https://www.idigbio.org/portal/recordset/84c24d87-e4ad-4165-8e86-5ae1a249c196'>Sam Noble Oklahoma Museum of Natural History - OMNH Vertebrate Paleontology</a>","70,447 Records"
"<a href='https://www.idigbio.org/portal/recordset/de96ed89-4b6e-4a57-ba68-01027102b89b'>Chicago Academy of Sciences - CHAS Ichthyology</a>","29 Records"
"<a href='https://www.idigbio.org/portal/recordset/e8a10a16-86af-42b2-be40-9d6a1b21859a'>Chicago Academy of Sciences - CHAS Malacology</a>","43 Records"
"<a href='https://www.idigbio.org/portal/recordset/d14d21fe-da24-47e5-81fb-4bfe962ce828'>Chicago Academy of Sciences - CHAS Botany</a>","52 Records"
"<a href='https://www.idigbio.org/portal/recordset/f93c403b-d0f0-4be1-8a4b-ed9aa3b513e3'>Chicago Academy of Sciences - CHAS Entomology</a>","2,392 Records"
"<a href='https://www.idigbio.org/portal/recordset/d90e8316-2649-475e-a8c0-80130dab1fd2'>North Carolina Museum of Natural Sciences - NCSM Non-molluscan Invertebrate</a>","12,497 Records"
"<a href='https://www.idigbio.org/portal/recordset/1ae056ac-8834-43a8-ad44-d1148b6e075f'>University of Alaska Museum of the North - KWP Kenelm W. Philip Lepidoptera</a>","76,442 Records"
"<a href='https://www.idigbio.org/portal/recordset/43fc7071-8c60-450a-a940-91f363781aa9'>College of the Atlantic - COA Eggs</a>","119 Records"
"<a href='https://www.idigbio.org/portal/recordset/185e82f5-6b63-4eae-9b91-fb9f73a3d494'>College of the Atlantic - COA Birds</a>","878 Records"
"<a href='https://www.idigbio.org/portal/recordset/a3a25673-c2b7-4054-8c8d-7ed87c27e0d8'>College of the Atlantic - COA Herpetology</a>","61 Records"
"<a href='https://www.idigbio.org/portal/recordset/c2c93e11-9235-40b8-b439-895e92ddb5d8'>College of the Atlantic - COA Mammals</a>","187 Records"
"<a href='https://www.idigbio.org/portal/recordset/610c8eb0-f2b9-458c-936e-3efe5e8522ca'>College of the Atlantic - COA Entomology</a>","37 Records"
"<a href='https://www.idigbio.org/portal/recordset/99c4ec83-ec62-42b5-b745-4bdf7cc2c669'>Northern Michigan University - NMU Birds</a>","320 Records"
"<a href='https://www.idigbio.org/portal/recordset/3624883b-4d6a-471d-9c3d-b4482aaa0e9b'>Northern Michigan University - NMU Mammals</a>","1,952 Records"
"<a href='https://www.idigbio.org/portal/recordset/a2422e89-eee0-4bdc-a6e2-350d21e74534'>Central Michigan University Museum of Cultural & Natural History - MCNH Reptiles</a>","1,192 Records"
"<a href='https://www.idigbio.org/portal/recordset/11170c5e-033a-4410-aed1-3dee2458bc43'>Worcester Society of Natural History d.b.a. EcoTarium - ECOT Ornithology</a>","1,804 Records"
"<a href='https://www.idigbio.org/portal/recordset/8f3b62fb-56ec-49e8-9f8f-bb257348291f'>University of Nebraska State Museum, C.E. Bessey Herbarium - NEB Microfungi</a>","52,783 Records"
"<a href='https://www.idigbio.org/portal/recordset/442246b3-6610-45e6-b2bf-c11ee15917b8'>Utah Museum of Natural History - UMNH Mammals</a>","41,819 Records"
"<a href='https://www.idigbio.org/portal/recordset/8a9e3b42-e6e8-4485-b304-3cbf6d709a6c'>Utah Museum of Natural History - UMNH Reptiles and Amphibians</a>","22,431 Records"
"<a href='https://www.idigbio.org/portal/recordset/372d25cd-e4c6-4c58-8d3f-abe16887c805'>Utah Museum of Natural History - UMNH Birds</a>","20,741 Records"
"<a href='https://www.idigbio.org/portal/recordset/16e722d1-cf07-4bb9-a4ff-3c38ab0bcebf'>California State University, Long Beach - CSULB Mammals</a>","12,217 Records"
"<a href='https://www.idigbio.org/portal/recordset/781b461a-2788-4fa6-b3df-bbed9447f5a3'>Caliente Field Office, Bureau of Land Management Herbarium - BLM-CFO</a>","746 Records"
"<a href='https://www.idigbio.org/portal/recordset/b7a5dadd-7429-489b-9b3b-72abcd9518a3'>Ely Bureau of Land Management Herbarium - BLM-EDO</a>","1,333 Records"
"<a href='https://www.idigbio.org/portal/recordset/feb74628-8724-466f-8c8c-b3d3b72f2417'>Nevada Department of Agriculture Herbarium - NDOA</a>","966 Records"
"<a href='https://www.idigbio.org/portal/recordset/03e04b8e-1dea-49ac-8a46-4276ddcfed21'>Snow College Herbarium - EPHR</a>","1,778 Records"
"<a href='https://www.idigbio.org/portal/recordset/4efa0623-a625-4949-aea4-7cb60a99b6f8'>Swaner Preserve and EcoCenter Herbarium - SWANER</a>","423 Records"
"<a href='https://www.idigbio.org/portal/recordset/384a1909-f66c-4551-9b26-ea985cd9ccd8'>Utah State University Eastern Herbarium - PRI</a>","167 Records"
"<a href='https://www.idigbio.org/portal/recordset/abf5b4f3-ed39-4bb9-acd6-9ee50acac0ad'>Denver Museum of Nature & Science - DMNS Parasites</a>","416 Records"
"<a href='https://www.idigbio.org/portal/recordset/5302ea7f-1c6f-4fc9-8c20-97dd38c0c783'>University of Texas, El Paso - UTEP  Birds</a>","3,047 Records"
"<a href='https://www.idigbio.org/portal/recordset/b7a79601-c07b-46d5-bd09-d4472b0d9431'>University of Texas, El Paso - UTEP  Fossils</a>","23,354 Records"
"<a href='https://www.idigbio.org/portal/recordset/9764480a-6e4a-4800-9bb7-b6fb73bccc50'>University of Texas, El Paso - UTEP  Invertebrates</a>","4,004 Records"
"<a href='https://www.idigbio.org/portal/recordset/6acaebd6-e8d2-454a-8f50-e7a6734b8c79'>California State University East Bay Natural History Museum - CSUEB Insects</a>","152 Records"
"<a href='https://www.idigbio.org/portal/recordset/53feaa83-e3b6-4ad3-8597-293b153e7548'>Penn State University, Frost Entomological Museum - PSUC Insects</a>","38,898 Records"
"<a href='https://www.idigbio.org/portal/recordset/7ed2ce52-26e5-4847-9563-955ae3e97455'>Davidson College Entomology Collection - DCH Insects</a>","6,528 Records"
"<a href='https://www.idigbio.org/portal/recordset/8295ea14-c4fd-499b-bc68-2907ed36badc'>Fort Lewis College Herbarium - FLD Vascular plants</a>","13,048 Records"
"<a href='https://www.idigbio.org/portal/recordset/12018be6-3795-43a3-a073-a2b9d60c0af3'>Rocky Mountain Biological Laboratory Herbarium - RMBL Vascular plants</a>","6,954 Records"
"<a href='https://www.idigbio.org/portal/recordset/9c1d51f2-067e-452b-a52b-ea7b03e50e25'>University of Kansas, R. L. McGregor Herbarium - KANU Fungi</a>","2,945 Records"
"<a href='https://www.idigbio.org/portal/recordset/e597a4f6-2be7-4538-8007-dec480dc4d6f'>South Dakota State University, Severin-McDaniel Insect Research Collection - SDSU Insects</a>","9,489 Records"
"<a href='https://www.idigbio.org/portal/recordset/67893f3c-c409-41c6-a8f2-47956739a911'>Huntington University Herbarium - HUNT Vascular plants</a>","5,633 Records"
"<a href='https://www.idigbio.org/portal/recordset/3998ec8d-4aae-46db-9370-179c19b69356'>University of Wisconsin-Stevens Point, Robert W. Freckmann Herbarium - UWSP Vascular plants</a>","53,231 Records"
"<a href='https://www.idigbio.org/portal/recordset/0dab1fc7-ca99-456b-9985-76edbac003e0'>Indiana University Deam Herbarium - IND Vascular plants</a>","96,072 Records"
"<a href='https://www.idigbio.org/portal/recordset/1f8c7572-5cda-44be-9a78-0658217fc279'>University of South Alabama Herbarium - USAM Fungi</a>","748 Records"
"<a href='https://www.idigbio.org/portal/recordset/a2eb724e-58a9-4840-a87e-5b6ca1c344dc'>Southeastern Louisiana University - SLU Herpetology</a>","6,250 Records"
"<a href='https://www.idigbio.org/portal/recordset/5ffc8bc6-e366-4157-b1ba-00859f1048a4'>Howard University Herbarium - HUDC</a>","4,478 Records"
"<a href='https://www.idigbio.org/portal/recordset/8eabbc48-2b30-419d-bd8f-eece9185eca1'>Mississippi State University, Mississippi Entomological Museum - MISSA</a>","74,705 Records"
"<a href='https://www.idigbio.org/portal/recordset/dad057a8-0648-4e11-9652-740ce7f86d62'>Kent State University Herbarium - KE Vascular plants</a>","14,444 Records"
"<a href='https://www.idigbio.org/portal/recordset/bd7cfd55-bf55-46fc-878d-e6e11f574ccd'>University of Florida, Florida Museum of Natural History - UF Herpetology</a>","168,803 Records"
"<a href='https://www.idigbio.org/portal/recordset/f00b6a32-5337-406b-a850-17f5d78470ad'>Field Museum of Natural History Herbarium - F Pteridophytes</a>","70,784 Records"
"<a href='https://www.idigbio.org/portal/recordset/e80009a0-8a2a-499a-976f-f04869b05ce9'>University of Illinois Museum of Natural History - UIMNH Amphibians and Reptiles</a>","224 Records"
"<a href='https://www.idigbio.org/portal/recordset/108cca70-4d1c-4882-843b-2d31ba8d6763'>University of Nebraska at Kearney Herbarium - NEBK</a>","7,221 Records"
"<a href='https://www.idigbio.org/portal/recordset/99e84c7d-dd3c-40d9-9526-54f4342cda95'>Santa Cruz Island Reserve Herbarium - SCIR</a>","1,304 Records"
"<a href='https://www.idigbio.org/portal/recordset/a4babe52-5740-44e4-9ea2-acef4797f127'>University of West Georgia Herbarium - WGC</a>","5,002 Records"
"<a href='https://www.idigbio.org/portal/recordset/ee566f77-2d46-41cb-89e2-7c040d4ca44c'>Buffalo Society of Natural Sciences - BSNS Ornithology</a>","2,911 Records"
"<a href='https://www.idigbio.org/portal/recordset/dd2c002f-1f3f-41a5-a483-0849ca798049'>Buffalo Society of Natural Sciences - BSNS Herpetology</a>","159 Records"
"<a href='https://www.idigbio.org/portal/recordset/f3327705-8d69-4d9c-88b7-584a08c74653'>North Carolina Zoological Park Herbarium - NCZP</a>","2,350 Records"
"<a href='https://www.idigbio.org/portal/recordset/042dbdba-a449-4291-8777-577a5a4045de'>Emory University Herbarium - GEO</a>","11,922 Records"
"<a href='https://www.idigbio.org/portal/recordset/2941b767-e90b-41b9-9627-6e589e0c0c85'>Northern Kentucky University, John W. Thieret Herbarium - KNK</a>","16,841 Records"
"<a href='https://www.idigbio.org/portal/recordset/945d6d7d-c768-4189-be9d-f693104d590c'>Cornell College Herbarium - MOVC</a>","2 Records"
"<a href='https://www.idigbio.org/portal/recordset/2fe53355-8ec5-4d00-ac6f-85d49c2af7a4'>Fort Hays State University Herbarium - FHKSC</a>","552 Records"
"<a href='https://www.idigbio.org/portal/recordset/1720ead7-9d20-4179-8998-2a59b8bfa8d7'>University of Northern Iowa, Grant Herbarium- ISTC</a>","6,996 Records"
"<a href='https://www.idigbio.org/portal/recordset/8e2f9392-55ac-49f3-bcc2-131a00122626'>Montana State University - Northern Herbarium - MSUNH</a>","1,242 Records"
"<a href='https://www.idigbio.org/portal/recordset/664bd710-8791-4dba-a3b6-000a1b140951'>Pittsburg State University, Theodore M. Sperry Herbarium - KSP</a>","3,801 Records"
"<a href='https://www.idigbio.org/portal/recordset/9d9016ef-a88f-4312-a0bf-638fc4be53ba'>Washburn University Herbarium - WASH</a>","473 Records"
"<a href='https://www.idigbio.org/portal/recordset/6eb1dbc4-ea33-456b-8782-0a953900d37a'>William Jewell College Herbarium - WJC</a>","716 Records"
"<a href='https://www.idigbio.org/portal/recordset/093030d9-a124-42a8-8cf3-8c6904fefbe7'>Friday Harbor Laboratories Herbarium - FHL Algae</a>","3,921 Records"
"<a href='https://www.idigbio.org/portal/recordset/6b2c3ca9-69ad-4316-a2d1-33399e9f547e'>Morris Arboretum of University of Pennsylvania - MOAR</a>","7,180 Records"
"<a href='https://www.idigbio.org/portal/recordset/0e5201c0-bad2-4e28-9322-5c5dca8862c8'>Herbario de la Universidad de Sonora - USON</a>","22,439 Records"
"<a href='https://www.idigbio.org/portal/recordset/70abba3e-5f2a-4276-87f3-261706e24453'>Botanical Research Institute of Texas Philecology Herbarium - BRIT</a>","49,942 Records"
"<a href='https://www.idigbio.org/portal/recordset/22436fe4-5049-4266-9849-335dd3f161aa'>Howard Payne University Herbarium - HPC</a>","26,171 Records"
"<a href='https://www.idigbio.org/portal/recordset/c7ae0ade-c23e-4fe6-a3d4-79bd973374c2'>Tarleton State University Herbarium - TAC</a>","1,788 Records"
"<a href='https://www.idigbio.org/portal/recordset/65536dcd-7bb2-44e5-af3f-4a13f08e53d0'>Academy of Natural Sciences of Drexel University - PH</a>","74,863 Records"
"<a href='https://www.idigbio.org/portal/recordset/910eadc8-8131-428c-b28a-91d0e2890f1d'>Delaware State University, Claude E. Phillips Herbarium - DOV</a>","341 Records"
"<a href='https://www.idigbio.org/portal/recordset/005ac06a-3d9a-46ad-ac3c-062aaa5b7059'>Muhlenberg College - MCA</a>","12,946 Records"
"<a href='https://www.idigbio.org/portal/recordset/7e43ea77-d2e5-4bdc-a4f7-a4792866f53f'>Arizona Western College Herbarium- AWC</a>","950 Records"
"<a href='https://www.idigbio.org/portal/recordset/aeed0286-ffe4-45b8-a7b9-bcee18361433'>Bandelier National Monument  - NPS-BAND</a>","2,021 Records"
"<a href='https://www.idigbio.org/portal/recordset/a8cafd75-ca3b-42c6-8b8e-52aafa15753b'>Bureau of Land Management, Las Cruces District Office - BLM-LCDO</a>","2,470 Records"
"<a href='https://www.idigbio.org/portal/recordset/997c4dda-0465-40c0-af8d-67f8f90dea3b'>Bureau of Land Management, Taos Field District Office - BLM-TAFO</a>","242 Records"
"<a href='https://www.idigbio.org/portal/recordset/0fb6618f-f8d6-4361-8b2d-0923d4aa3c09'>Coconino National Forest Herbarium - USGS-COC</a>","1,947 Records"
"<a href='https://www.idigbio.org/portal/recordset/1549b662-ec36-436a-8593-76f7642ec9e4'>Dale A. Zimmerman Herbarium at Western New Mexico University - SNM</a>","26,943 Records"
"<a href='https://www.idigbio.org/portal/recordset/c13a5966-99a3-4383-b9ef-259cf46800fe'>Gila National Forest Herbarium - USFS-GILA</a>","1,944 Records"
"<a href='https://www.idigbio.org/portal/recordset/9e8c4024-45b1-4c06-854d-9f6d807dae67'>Kaibab National Forest Herbarium - KAIB</a>","19 Records"
"<a href='https://www.idigbio.org/portal/recordset/de5203b1-5a44-4010-948c-b7d33f46397a'>Museum of Northern Arizona - MNA</a>","34,606 Records"
"<a href='https://www.idigbio.org/portal/recordset/5277e72c-9e53-4c98-85f1-ee413bc473cd'>Navajo Nation Herbarium - NAVA</a>","12,267 Records"
"<a href='https://www.idigbio.org/portal/recordset/f42a9828-c1d2-47a1-afac-7138e62b3fb1'>New Mexico Natural History Institute Herbarium - NMNHI</a>","60 Records"
"<a href='https://www.idigbio.org/portal/recordset/f89ada44-88df-46f0-bc61-cc46d9c84673'>Prescott College Natural History Institute Herbarium - NHI</a>","8,271 Records"
"<a href='https://www.idigbio.org/portal/recordset/aa53dc91-0cf2-4714-a6e0-f00f9139dcd8'>Southwestern Regional Forest Service Herbarium - USFS-SWRH</a>","180 Records"
"<a href='https://www.idigbio.org/portal/recordset/350ed733-b782-4195-a5dd-e61e5c82d837'>Southwestern Research Station - SWRS</a>","2,091 Records"
"<a href='https://www.idigbio.org/portal/recordset/5af1bae4-35c0-4ab7-9d08-08bbe22ca003'>US Forest Service Southwestern Region - USFC-TEUI</a>","8,960 Records"
"<a href='https://www.idigbio.org/portal/recordset/e80fe2bb-547d-4e98-84ce-01176379e3a8'>Naturalis Biodiversity Center - NL Amphibia and Reptilia</a>","33,362 Records"
"<a href='https://www.idigbio.org/portal/recordset/d4ea4495-c4b2-4d05-b524-163423f17cd7'>Naturalis Biodiversity Center - NL  Aves</a>","275,680 Records"
"<a href='https://www.idigbio.org/portal/recordset/fabcdc12-9d29-4bd2-912b-176e71818144'>Naturalis Biodiversity Center - NL Botany</a>","4,851,522 Records"
"<a href='https://www.idigbio.org/portal/recordset/8f62e9b0-96e5-4d64-8008-b2b8692050db'>Naturalis Biodiversity Center - NL Brachiopoda</a>","916 Records"
"<a href='https://www.idigbio.org/portal/recordset/1a44dfa0-6a54-4584-8c57-d98669d7f033'>Naturalis Biodiversity Center - NL Cainozoic Mollusca</a>","95,251 Records"
"<a href='https://www.idigbio.org/portal/recordset/ec6cef7d-d8aa-43b4-b352-908f172a378e'>Naturalis Biodiversity Center - NL Chelicerata and Myriapoda</a>","85,672 Records"
"<a href='https://www.idigbio.org/portal/recordset/2cf2843f-567c-45c1-a328-cc210af76fc1'>Naturalis Biodiversity Center - NL Cnidaria</a>","58,035 Records"
"<a href='https://www.idigbio.org/portal/recordset/0bfd2d69-2a35-4291-9e73-bd311463bd15'>Naturalis Biodiversity Center - NL Coleoptera</a>","223,470 Records"
"<a href='https://www.idigbio.org/portal/recordset/974f7564-a7fb-409a-bb67-35b7cafec327'>Naturalis Biodiversity Center - NL Collembola</a>","29,171 Records"
"<a href='https://www.idigbio.org/portal/recordset/b688c17c-3761-4ccd-a42f-88219f5fcff4'>Naturalis Biodiversity Center - NL Crustacea</a>","116,415 Records"
"<a href='https://www.idigbio.org/portal/recordset/c3f05887-ffa9-44c4-b1af-e38fea5557bf'>Naturalis Biodiversity Center - NL Diptera</a>","53,173 Records"
"<a href='https://www.idigbio.org/portal/recordset/a5d9992f-ebbb-457c-b56a-b6cd0429e2d6'>Naturalis Biodiversity Center - NL Echinodermata</a>","15,823 Records"
"<a href='https://www.idigbio.org/portal/recordset/aa977d4a-0dd6-4441-87d4-5efb60435a0b'>Naturalis Biodiversity Center - NL Foraminifera</a>","544 Records"
"<a href='https://www.idigbio.org/portal/recordset/518518b7-9e85-42ea-b419-2d23a3ef546a'>Naturalis Biodiversity Center - NL Hemiptera</a>","22,873 Records"
"<a href='https://www.idigbio.org/portal/recordset/c004cf67-eafc-49f9-99bd-b8198e2234ed'>Naturalis Biodiversity Center - NL Hymenoptera</a>","314,629 Records"
"<a href='https://www.idigbio.org/portal/recordset/d0d1c390-e662-4980-97e3-ae0039a06de8'>Naturalis Biodiversity Center - NL Mammalia</a>","35,037 Records"
"<a href='https://www.idigbio.org/portal/recordset/8e58cd34-3cbb-46f7-9c25-527251881a6f'>Naturalis Biodiversity Center - NL Micropaleontology</a>","97,349 Records"
"<a href='https://www.idigbio.org/portal/recordset/cdb6ec43-935e-4da2-8798-71e40ca6d12a'>Naturalis Biodiversity Center - NL Mollusca</a>","684,569 Records"
"<a href='https://www.idigbio.org/portal/recordset/b1beb057-bc34-49a9-b784-2a50af226712'>Naturalis Biodiversity Center - NL Odonata</a>","24,392 Records"
"<a href='https://www.idigbio.org/portal/recordset/a7463c8a-27f0-485e-b794-fb78d94beda7'>Naturalis Biodiversity Center - NL Orthopteroidea</a>","280 Records"
"<a href='https://www.idigbio.org/portal/recordset/3a5b5c9b-b241-4883-904a-b167a7edb41a'>Naturalis Biodiversity Center - NL Paleontology Invertebrates</a>","182,002 Records"
"<a href='https://www.idigbio.org/portal/recordset/4790a6a0-ce11-4cd8-8cad-4b2032a55c1b'>Naturalis Biodiversity Center - NL Pisces</a>","3,540 Records"
"<a href='https://www.idigbio.org/portal/recordset/d100843b-d592-4024-8d15-fb1d8e218acd'>Naturalis Biodiversity Center - NL Porifera</a>","47,289 Records"
"<a href='https://www.idigbio.org/portal/recordset/932e8ecc-fb16-4ce1-9863-e0e586e3ab34'>Naturalis Biodiversity Center - NL Tunicata</a>","482 Records"
"<a href='https://www.idigbio.org/portal/recordset/d11f19ae-e946-4a0e-83e5-2052ae8cca62'>Cleveland Museum of Natural History - CMNH Invertebrate paleo</a>","20,585 Records"
"<a href='https://www.idigbio.org/portal/recordset/c02ce6fc-a2f3-497e-bc3c-0adce054db72'>Florida Museum - Parnell Site, Feature 1 - UF Zooarchaeological Data</a>","1,601 Records"
"<a href='https://www.idigbio.org/portal/recordset/b293a647-5fb8-4b82-bf5b-571e7d6fad03'>Florida Museum - Tick Island- UF Zooarchaeological Data</a>","304 Records"
"<a href='https://www.idigbio.org/portal/recordset/59efaf7d-60b5-4295-abb3-27ba42eb5231'>Herbarium Berolinense - B</a>","206,223 Records"
"<a href='https://www.idigbio.org/portal/recordset/710a8a54-783c-41aa-ad9a-05544cdb4c55'>Royal Botanic Gardens, Kew - K Herbarium specimens</a>","915,485 Records"
"<a href='https://www.idigbio.org/portal/recordset/ba77d411-4179-4dbd-b6c1-39b8a71ae795'>University of Washington Burke Museum - UWBM Invertebrate paleo</a>","7,117 Records"
"<a href='https://www.idigbio.org/portal/recordset/5e8863ea-56ec-40f3-8075-d42b35d12e72'>University of Arkansas Herbarium - UARK  Bryophytes</a>","2,790 Records"
"<a href='https://www.idigbio.org/portal/recordset/b9b4963a-0332-40bb-b71c-a4735f323729'>New Brunswick - NBMB Herps</a>","11,143 Records"
"<a href='https://www.idigbio.org/portal/recordset/3c9420c9-c4a8-47dc-88b7-b5638ca5e716'>Natural History Museum (London) - NHM</a>","2,946,917 Records"
"<a href='https://www.idigbio.org/portal/recordset/0df55e93-0fce-4ba6-a344-1d9918b60816'>BLM Mother Lode Field Office: The Bees of Pine Hill Preserve - BLM</a>","232 Records"
"<a href='https://www.idigbio.org/portal/recordset/9fa0a48c-7dd2-4372-a768-9aea3cbd35bb'>Arizona State University, M. Andrew Johnston Collection - ASU</a>","2,334 Records"
"<a href='https://www.idigbio.org/portal/recordset/ebd4ee05-1c41-46ab-9ef2-8937ea4f6112'>University of Wyoming Dillon Lab Insect Collection - UWYMED</a>","16,476 Records"
"<a href='https://www.idigbio.org/portal/recordset/e9607b87-6dcb-4ffa-a4bf-d17ac197ca70'>Wichita State University Collection - WICH</a>","440 Records"
"<a href='https://www.idigbio.org/portal/recordset/b985f284-eac5-4efe-8a7c-c726cdf7cf33'>University of Idaho, William F. Barr Entomological Museum - UI</a>","2,148 Records"
"<a href='https://www.idigbio.org/portal/recordset/6075f4b7-4242-4886-be7d-391614fffe41'>Clemson University Arthropod Collection - CU</a>","1,514 Records"
"<a href='https://www.idigbio.org/portal/recordset/00df4fe2-0025-45ec-814a-36777155e077'>San Diego State University Terrestrial Arthropods Collection - SDSU</a>","4,240 Records"
"<a href='https://www.idigbio.org/portal/recordset/497d74c2-d07f-4325-ac9c-8e80bcb53f61'>Australian National Wildlife Collection provider for OZCAM</a>","210,395 Records"
"<a href='https://www.idigbio.org/portal/recordset/d598446c-2b25-4d5d-a983-99be53001203'>Museums Victoria provider for OZCAM</a>","811,804 Records"
"<a href='https://www.idigbio.org/portal/recordset/24aa66d3-86a3-44a7-b6a3-6a45edc1e6a9'>Northern Territory Museum and Art Gallery provider</a>","229,051 Records"
"<a href='https://www.idigbio.org/portal/recordset/d0769c31-e4f1-42b1-a21f-cd6bf2257edb'>Queen Victoria Museum Art Gallery provider for OZCAM</a>","80,319 Records"
"<a href='https://www.idigbio.org/portal/recordset/2292f5d5-d39f-4944-be72-fa5dd62f581c'>Queensland Museum provider for OZCAM</a>","858,466 Records"
"<a href='https://www.idigbio.org/portal/recordset/482990c6-da88-4d99-8cf4-ccd27ee82f44'>South Australian Museum Australia provider for OZCAM</a>","478,495 Records"
"<a href='https://www.idigbio.org/portal/recordset/25e4ea2d-74ef-4251-b461-6ceb3c812bf1'>Tasmanian Museum and Art Gallery provider for OZCAM</a>","50,128 Records"
"<a href='https://www.idigbio.org/portal/recordset/c1fa848f-ec37-4cdb-930b-c38de2ae63e6'>Western Australian Museum provider for OZCAM</a>","523,873 Records"
"<a href='https://www.idigbio.org/portal/recordset/bb83e45d-1ed3-41ed-834a-f0f7cff4c464'>Brock University Herbarium - BU</a>","100 Records"
"<a href='https://www.idigbio.org/portal/recordset/237d30ca-7675-4840-b4fd-96771fabf518'>Herbier du Québec - QUE Collection de plantes vasculaires</a>","93,578 Records"
"<a href='https://www.idigbio.org/portal/recordset/651aaf03-f83a-458a-a69d-eb0f6a3e588e'>Herbier Louis-Marie - QFA Collection de bryophytes</a>","17,170 Records"
"<a href='https://www.idigbio.org/portal/recordset/f4573d80-dd92-4337-9005-ba71e8a8563a'>Living Prairie Museum Manitoba Herbarium - LPMMBH</a>","355 Records"
"<a href='https://www.idigbio.org/portal/recordset/9fc55204-8dc8-467d-b92a-e6f27d1da317'>Lyman Entomological Museum - LEMQ</a>","253,103 Records"
"<a href='https://www.idigbio.org/portal/recordset/8400a716-0aef-4131-9e79-c8ad81d244ad'>Marion Agnes Ayre Herbarium - NFLD</a>","1,769 Records"
"<a href='https://www.idigbio.org/portal/recordset/d4b04a67-3c67-4d8b-85f6-9d501415ca89'>Canadian Museum of Nature data on Canadian Arctic marine benthos</a>","6,251 Records"
"<a href='https://www.idigbio.org/portal/recordset/a711ca61-c052-45e9-8c20-fdb550f50be3'>Northern Biodiversity Program Coleoptera (2010-2011)</a>","9,062 Records"
"<a href='https://www.idigbio.org/portal/recordset/7057e6e2-fe83-472d-9580-6c18118cd71d'>Ouellet-Robert entomological collection - QMOR</a>","49,029 Records"
"<a href='https://www.idigbio.org/portal/recordset/97bc50fd-b67d-44cb-9cd0-b716e250c9cf'>University of Calgary Herbarium</a>","1,650 Records"
"<a href='https://www.idigbio.org/portal/recordset/2b45c778-b10c-496b-b8cb-1e414da59ccf'>University of Idaho - ID Lichens</a>","8,597 Records"
"<a href='https://www.idigbio.org/portal/recordset/858a7761-82a5-47df-8e8a-dbc8806cf424'>Lund Museum of Zoology - MZLU</a>","172,027 Records"
"<a href='https://www.idigbio.org/portal/recordset/a8413649-05d9-46da-b137-1317a709453f'>University Museum of Zoology in Cambridge - UMZC</a>","65,917 Records"
"<a href='https://www.idigbio.org/portal/recordset/264c48ec-8636-451f-a7e0-74131bc6f84c'>Clemson University Herbarium - CLEMS Vascular plants</a>","72,379 Records"
"<a href='https://www.idigbio.org/portal/recordset/34cad268-8226-4280-b637-dde38c82a29e'>Western Washington - WWU Lepidoptera</a>","665 Records"
"<a href='https://www.idigbio.org/portal/recordset/13510466-6232-4313-9e46-ea197b82750c'>Brown University - BRU Microfungi</a>","12,643 Records"
"<a href='https://www.idigbio.org/portal/recordset/00049fe7-5ca2-4936-be50-c736221ef186'>Herbier Flora selecta exsiccata publié par Ch. MAGNIER - BOUM</a>","228 Records"
"<a href='https://www.idigbio.org/portal/recordset/80dcaaae-9e3c-4000-b8bf-e1e29a5da9a4'>Collection botanique Mulon L. - BOUM</a>","609 Records"
"<a href='https://www.idigbio.org/portal/recordset/3172ee72-4b10-4d6b-b4b3-f3319b25c60d'>Collection ornithologique A. Maës</a>","5,410 Records"
"<a href='https://www.idigbio.org/portal/recordset/4a8b7fc9-cbc2-45b3-806f-73cc6a13c369'>Herbier de l'Ecole Normale de Bourges - BOUM</a>","54 Records"
"<a href='https://www.idigbio.org/portal/recordset/11f5ea79-3522-4aad-ad90-c91e7ed93383'>Herbier Boreal Confluence - BOUM</a>","445 Records"
"<a href='https://www.idigbio.org/portal/recordset/08524f6f-f3f9-4cad-9835-3fe3407ce026'>Collection botanique Letendre (abbé) - BOUM</a>","219 Records"
"<a href='https://www.idigbio.org/portal/recordset/8b727955-5ef2-4339-b5af-e17177377470'>Collection botanique Le Grand A. - BOUM</a>","4,745 Records"
"<a href='https://www.idigbio.org/portal/recordset/9c4f4765-2d02-452c-9ae9-cdd1d4846d5d'>Herbier G. Garapin - BOUM</a>","712 Records"
"<a href='https://www.idigbio.org/portal/recordset/7382e087-cdc4-48ff-9a1c-38571e24b124'>Collection des Mollusques - BOUM</a>","1,826 Records"
"<a href='https://www.idigbio.org/portal/recordset/da46ceaf-6084-48da-9e53-4d1ae2a51ddf'>Caire-Chabrand Collection</a>","873 Records"
"<a href='https://www.idigbio.org/portal/recordset/c3115ab6-3a4d-465e-81e7-f06d4d6fd39a'>Collection botanique Lamy de la Chapelle E. - BOUM</a>","118 Records"
"<a href='https://www.idigbio.org/portal/recordset/8c813d8c-e589-4ad2-977c-7b952db74130'>Instituto Nacional da Mata Atlântica - Coleção de Anfíbios - MBML - Amphibians</a>","9,794 Records"
"<a href='https://www.idigbio.org/portal/recordset/cd6231ce-ffb3-49fc-b726-5598bb3bc453'>Instituto Nacional da Mata Atlântica - Coleção de Aves - MBML - Birds</a>","7,697 Records"
"<a href='https://www.idigbio.org/portal/recordset/4c512712-3b53-4403-a059-d31d44c7d62d'>Instituto Nacional da Mata Atlântica - Coleção de Mamíferos - MBML - Mammals</a>","3,578 Records"
"<a href='https://www.idigbio.org/portal/recordset/3f5c29cf-9b20-4476-90fb-0399c7c51a0b'>Instituto Nacional da Mata Atlântica - Coleção de Peixes - MBML - Fish</a>","12,145 Records"
"<a href='https://www.idigbio.org/portal/recordset/ee447b09-cb73-43d0-8ca0-1ab55be4db1b'>Instituto Nacional da Mata Atlântica - Coleção de Répteis - MBML - Reptiles</a>","3,927 Records"
"<a href='https://www.idigbio.org/portal/recordset/9e66257f-21a9-491a-ac23-06b7b62ceeb7'>Field Museum of Natural History - FMNH Paleobotany</a>","22,947 Records"
"<a href='https://www.idigbio.org/portal/recordset/b26fa674-6300-4ea0-a8e3-fc0ce32b5226'>Field Museum of Natural History - FMNH Fossil Invertebrates</a>","62,149 Records"
"<a href='https://www.idigbio.org/portal/recordset/5caa5b0d-24b7-4c69-9c7b-089f343b7efc'>Fonoteca Neotropical Jacques Vielliard (FNJV), Museu de Zoologia Adão José Cardoso, Universidade Estadual de Campinas (UNICAMP) - FNJV - Animal sounds</a>","21,243 Records"
"<a href='https://www.idigbio.org/portal/recordset/db6c3db9-1e6d-4def-af29-33aa0339bfa9'>Carnegie Museum of Natural History Herbarium - CM - Vascular plants</a>","524,804 Records"
"<a href='https://www.idigbio.org/portal/recordset/03d3b1ea-c664-4699-ac3b-420735bef8e4'>University of Guelph - BIOUG</a>","321,020 Records"
"<a href='https://www.idigbio.org/portal/recordset/7e44229a-e8fa-4570-ada1-0cd7843a66d7'>Hope College Herbarium - HCHM Vascular plants</a>","7,844 Records"
"<a href='https://www.idigbio.org/portal/recordset/8bcb95b2-ab5c-4368-8ead-14588eeb9c98'>Calvin College Herbarium - CALVIN Vascular plants</a>","5,975 Records"
"<a href='https://www.idigbio.org/portal/recordset/2f740a87-8049-435d-9d06-1c393c9c11b7'>Ohio University Bartley Herbarium - BHO Vascular plants</a>","4,926 Records"
"<a href='https://www.idigbio.org/portal/recordset/23a47a5f-2ac1-4f81-acd3-21d5b82ed22a'>Ohio State University Herbarium - OS Vascular plants</a>","36,950 Records"
"<a href='https://www.idigbio.org/portal/recordset/86b2bfc9-ca99-4250-b93a-f86f3777236d'>University of Rhode Island Herbarium - KIRI Vascular plants</a>","12,682 Records"
"<a href='https://www.idigbio.org/portal/recordset/6d09cfc1-a17c-4067-b1a0-557b8e5334ea'>Westfield State University Herbarium - WSCH Vascular plants</a>","11,058 Records"
"<a href='https://www.idigbio.org/portal/recordset/3a0d8092-c577-4775-a586-1542574edc53'>University of Mary Washington Herbarium - MWCF Vascular plants</a>","5,027 Records"
"<a href='https://www.idigbio.org/portal/recordset/aca26f37-3ec8-4e9e-b927-50b4944a0096'>North Carolina State University Herbarium - NCSU Vascular plants</a>","95,698 Records"
"<a href='https://www.idigbio.org/portal/recordset/d56c787a-7da2-438b-81c5-554442f97259'>Scripps Institution of Oceanography - SIO  Marine Vertebrates</a>","115,848 Records"
"<a href='https://www.idigbio.org/portal/recordset/6aa085c5-7abf-4995-a3fc-91c49ad65b79'>Mississippi Museum of Natural Science - MMNS Fishes</a>","63,415 Records"
"<a href='https://www.idigbio.org/portal/recordset/e1c453ac-0479-405c-9742-03a511b33e60'>Humboldt State University - HSU - Birds</a>","283 Records"
"<a href='https://www.idigbio.org/portal/recordset/83fede4d-f1d0-4748-84e5-f24083c7ba3c'>Humboldt State University - HSU - Mammals</a>","8,438 Records"
"<a href='https://www.idigbio.org/portal/recordset/e701ecce-f9ab-445f-afcb-24f279efbc9c'>Eastern Washington University Herbarium - EWU Vascular plants</a>","6,334 Records"
"<a href='https://www.idigbio.org/portal/recordset/414a5bf5-061e-4e47-8410-0f76a04f7d1d'>Pacific Lutheran University Herbarium - PLU Vascular plants</a>","8,758 Records"
"<a href='https://www.idigbio.org/portal/recordset/8b0c1f4b-9de7-4521-98c2-983e0bfd33c7'>University of Washington Herbarium, Burke Museum - WTU Vascular plants</a>","201,341 Records"
"<a href='https://www.idigbio.org/portal/recordset/0a410c4a-cd4f-4bd8-b6ba-a0c2baa37622'>H. J. Andrews Experimental Forest Herbarium - HJAEF Vascular plants</a>","1,317 Records"
"<a href='https://www.idigbio.org/portal/recordset/844875a9-9927-48a5-90b4-76c5f227f145'>University of Montana Herbarium - MONTU Vascular plants</a>","70,379 Records"
"<a href='https://www.idigbio.org/portal/recordset/bf9066a2-2c5f-4cf2-821a-1a68b4df5b1b'>Portland State University Herbarium - HPSU Vascular plants</a>","16,160 Records"
"<a href='https://www.idigbio.org/portal/recordset/f5c38252-89f1-4753-af3a-da8818fe3a86'>Washington State University, Marion Ownbey Herbarium - WS Tri-Cities Vascular plants</a>","1,261 Records"
"<a href='https://www.idigbio.org/portal/recordset/1e054b9b-0193-4ff3-b623-9264cf982d4d'>Southern Oregon University Herbarium - SOC Vascular plants</a>","12,537 Records"
"<a href='https://www.idigbio.org/portal/recordset/0fd6e726-6828-4f62-ba8d-6ec316fe0b52'>University of Idaho, Stillinger Herbarium - ID Vascular plants</a>","159,603 Records"
"<a href='https://www.idigbio.org/portal/recordset/662b1aa5-9c19-4eb9-9766-1da78a117456'>University of Puget Sound Herbarium - PSM Vascular plants</a>","13,697 Records"
"<a href='https://www.idigbio.org/portal/recordset/85ae9fb4-de87-41ce-abb3-44fda2fb24a8'>Evergreen State College Herbarium - EVE Vascular plants</a>","294 Records"
"<a href='https://www.idigbio.org/portal/recordset/23b85d9d-4669-40db-901f-aaad686fe0b8'>Linfield College Herbarium - LINF Vascular plants</a>","4,380 Records"
"<a href='https://www.idigbio.org/portal/recordset/7cea906d-ae65-420c-a6f7-a9a3ad64fb93'>Butler University - BUT - Macroalgae</a>","4,937 Records"
"<a href='https://www.idigbio.org/portal/recordset/4bec11d1-f8c3-43a7-9e70-ee0256fcedaf'>Duke University - DUKE Macroalgae</a>","17,828 Records"
"<a href='https://www.idigbio.org/portal/recordset/e7db896a-c95b-4a18-99a4-866fff238ca5'>Hopkins Marine Station - GMS Macroalgae</a>","8,172 Records"
"<a href='https://www.idigbio.org/portal/recordset/66e00116-15fa-4149-a94a-eb91b98b622c'>Humboldt State University - HSC - Macroalgae</a>","3,631 Records"
"<a href='https://www.idigbio.org/portal/recordset/5889291d-9105-4740-a30f-2d9d2469c264'>Miami University - MU Macroalgae</a>","8,810 Records"
"<a href='https://www.idigbio.org/portal/recordset/25cd5e12-7830-4f46-bf6d-9b6deb706f44'>Michigan State University - MSC Macroalgae</a>","4,339 Records"
"<a href='https://www.idigbio.org/portal/recordset/4efa66cf-8adb-414b-b78c-8e651d20f84d'>Texas A & M University, S. M. Tracy Herbarium - TAES Macroalgae</a>","851 Records"
"<a href='https://www.idigbio.org/portal/recordset/e77108de-88dd-4931-8085-0ea59d7ca4ee'>University of Guam - GUAM Macroalgae</a>","4,796 Records"
"<a href='https://www.idigbio.org/portal/recordset/0272afc1-36ee-4899-8c28-dde9d8a211d9'>University of Massachusetts - Amherst - MASS Macroalgae</a>","8,788 Records"
"<a href='https://www.idigbio.org/portal/recordset/b00cf471-6bbe-4f94-846e-288900398b65'>University of North Carolina Wilmington, David J. Sieren Herbarium - WNC Macroalgae</a>","6,651 Records"
"<a href='https://www.idigbio.org/portal/recordset/8e4ff036-d38e-455f-a0fe-4ac50823f4fb'>University of South Carolina, A. C. Moore Herbarium - USCH Macroalgae</a>","845 Records"
"<a href='https://www.idigbio.org/portal/recordset/837d99c6-3045-4ba3-8951-643ddb3d6676'>University of South Florida - USF  Macroalgae</a>","14,157 Records"
"<a href='https://www.idigbio.org/portal/recordset/6d4b658a-90b4-4639-8b06-b7f07637f6aa'>University of Vermont, Pringle Herbarium - VT - Macroalgae</a>","3,062 Records"
"<a href='https://www.idigbio.org/portal/recordset/03eac319-23c7-429e-9fa4-480640007d62'>Youngstown State University - YUO Macroalgae</a>","183 Records"
"<a href='https://www.idigbio.org/portal/recordset/a2beb85e-f2b8-4366-8b3b-e5c5cc117aaf'>Miami University - MUGM Invertebrate Paleontology</a>","12,425 Records"
"<a href='https://www.idigbio.org/portal/recordset/5a262e5d-0605-4067-ba71-3fd578c3c6bb'>Museum of Cultural and Natural History - MCNH Mammals</a>","1,335 Records"
"<a href='https://www.idigbio.org/portal/recordset/8f689b8b-5b65-4638-9555-f2a5d237a624'>Marshall University - MUHW - Vascular plants</a>","33,096 Records"
"<a href='https://www.idigbio.org/portal/recordset/8a54c5fa-2900-4859-a2d6-1b7faedafac4'>Wake Forest University - WFU Vascular plants</a>","157 Records"
"<a href='https://www.idigbio.org/portal/recordset/d6c6e57a-4ccb-4707-b87d-c91d01d6aa42'>Rutgers University Chrysler Herbarium - CHRB Vascular plants</a>","6,838 Records"
"<a href='https://www.idigbio.org/portal/recordset/aac5fd7f-8043-4aa8-811f-e50de70d96f3'>University of South Carolina Upstate Herbarium - USCS Vascular plants</a>","17,843 Records"
"<a href='https://www.idigbio.org/portal/recordset/e36691ec-c4f8-4bec-b331-b48ffa82ff49'>University of Texas, El Paso - UTEP  Plants</a>","36 Records"
"<a href='https://www.idigbio.org/portal/recordset/3c6099e4-3a0c-44c8-942a-f44860aea12b'>University of Texas, El Paso - UTEP  Fish</a>","97 Records"
"<a href='https://www.idigbio.org/portal/recordset/f3d1fbbb-93d5-432e-8808-ebc08c42ef6d'>University of Texas, El Paso - UTEP  Mammals</a>","8,424 Records"
"<a href='https://www.idigbio.org/portal/recordset/3c367a2d-eec0-4ef1-b3bc-4cbebb320c5a'>University of Alaska, Anchorage Herbarium - AUUH Vascular plants</a>","8,020 Records"
"<a href='https://www.idigbio.org/portal/recordset/954ec5e0-4fcd-414d-8ad2-46b4b75cfc74'>Boise District Bureau of Land Management Herbarium BBLM Vascular plants</a>","3,750 Records"
"<a href='https://www.idigbio.org/portal/recordset/fb7db48e-1599-420e-8f10-1f20fe1c6aa3'>Bureau of Land Management, Medford District Herbarium - BLMMD Bryophytes</a>","1,323 Records"
"<a href='https://www.idigbio.org/portal/recordset/f2f68b10-b620-4ef8-ac32-c799b38b6d56'>Bureau of Land Management, Medford District Herbarium - BLMMD Fungi</a>","4 Records"
"<a href='https://www.idigbio.org/portal/recordset/5f681b65-9a7e-4b79-8a17-fc95cc26b837'>Bureau of Land Management, Medford District Herbarium - BLMMD Lichens</a>","821 Records"
"<a href='https://www.idigbio.org/portal/recordset/d1983d53-434a-436e-a698-3a2745eb61dc'>Bureau of Land Management, Medford District Herbarium - BLMMD Vascular plants</a>","3,335 Records"
"<a href='https://www.idigbio.org/portal/recordset/3c6f1ea5-f2e7-4203-9cfe-74ec2fb1b035'>Rocky Mountain Research Station Herbarium - BOIS Vascular plants</a>","12,778 Records"
"<a href='https://www.idigbio.org/portal/recordset/2d4658e3-0d1a-43fc-97ff-b4813dd1f86e'>Craters of the Moon National Monument Herbarium - CRMO Vascular plants</a>","3,257 Records"
"<a href='https://www.idigbio.org/portal/recordset/ec4acc26-ff1b-4131-a1df-a950fe31bb0e'>College of Idaho, Harold M. Tucker Herbarium - CIC Vascular plants</a>","50,708 Records"
"<a href='https://www.idigbio.org/portal/recordset/dd232f5c-7f53-48ec-9bb7-7205702c3dc8'>Idaho State University, Ray J. Davis Herbarium - IDS Vascular plants</a>","22,550 Records"
"<a href='https://www.idigbio.org/portal/recordset/9b725e43-93c9-423b-adf8-a11d08a83d13'>Montana State University Herbarium - MONT  Vascular plants</a>","53,651 Records"
"<a href='https://www.idigbio.org/portal/recordset/ea9de87b-7231-4a05-809f-4b658ea4173d'>Reed College Herbarium - REED - Vascular plants</a>","5,075 Records"
"<a href='https://www.idigbio.org/portal/recordset/f84d528a-7d08-467e-b532-ace707316f1d'>Boise State University, Snake River Plains Herbarium - SRP Vascular plants</a>","65,925 Records"
"<a href='https://www.idigbio.org/portal/recordset/d5c32031-231f-4213-b0f1-2dc4bbf711a0'>Bureau of Land Management, Vale District Office Herbarium - VALE Vascular plants</a>","6,092 Records"
"<a href='https://www.idigbio.org/portal/recordset/a4378725-7967-47bc-aada-0220e02e1f96'>Whitman College Herbarium - WCW Vascular plants</a>","13,538 Records"
"<a href='https://www.idigbio.org/portal/recordset/c3134980-bf5c-49b8-a289-790d45f02c86'>University of Southern Mississippi Herbarium - USMS  Vascular plants</a>","60,165 Records"
"<a href='https://www.idigbio.org/portal/recordset/41b119de-f745-482d-be42-a0155bc76e5d'>Cincinnati Museum Center - CMC Invertebrate Paleontology</a>","60,165 Records"
"<a href='https://www.idigbio.org/portal/recordset/295a8445-346f-4ea2-b0cf-4a3863c72cdb'>University of Wisconsin Madison Zoological Museum - UWZM Fish</a>","4,601 Records"
"<a href='https://www.idigbio.org/portal/recordset/47e638be-2983-4d22-b05d-260dd5881e9c'>University of Wisconsin Madison Zoological Museum - UWZM Mollusks</a>","531 Records"
"<a href='https://www.idigbio.org/portal/recordset/97058091-eb35-401b-b286-18465761f832'>Delaware Museum of Natural History - DMNH Mollusks</a>","7,926 Records"
"<a href='https://www.idigbio.org/portal/recordset/bf049384-ffe2-4418-a1a3-fc5552ba850f'>University of Montana Paleontology Center - UMPC</a>","23 Records"
"<a href='https://www.idigbio.org/portal/recordset/da4681c3-64ba-4c99-8575-6cf0b2e55468'>Illinois Natural History Survey - INHS Mammals</a>","619 Records"
"<a href='https://www.idigbio.org/portal/recordset/75c7a013-8dab-4f9c-ae6d-3a7cc24b67ce'>University of Michigan Museum of Zoology - UMMZ Fish</a>","34,834 Records"
"<a href='https://www.idigbio.org/portal/recordset/c94a06a5-df24-4546-adba-4f7940661826'>University of Michigan Museum of Zoology - UMMZ Mollusks</a>","23,034 Records"
"<a href='https://www.idigbio.org/portal/recordset/6258d160-a7aa-4937-bce3-3538eebd374f'>Duke University - DUKE Vascular plants</a>","58,272 Records"
"<a href='https://www.idigbio.org/portal/recordset/c9dad611-5e60-4456-934e-75b0e0842ddd'>University of Central Florida Herbarium - FTU Vascular plants</a>","18,221 Records"
"<a href='https://www.idigbio.org/portal/recordset/beab5209-9628-4d4d-851e-2bc9bb1a0105'>University of Georgia Herbarium - GA Vascular plants</a>","91,087 Records"
"<a href='https://www.idigbio.org/portal/recordset/4e3043a6-d48a-4a35-b5fb-f67d50cbc158'>University of North Carolina Chapel Hill Herbarium - NCU Vascular plants</a>","156,214 Records"
"<a href='https://www.idigbio.org/portal/recordset/3d4401cb-b3dd-48bd-912a-709bb4ecf5f8'>St. Andrews University - SAPCL Vascular plants</a>","259 Records"
"<a href='https://www.idigbio.org/portal/recordset/4c9d08ce-71c1-47b8-a572-2d40e5984c49'>Salem College - SC Vascular plants</a>","3,876 Records"
"<a href='https://www.idigbio.org/portal/recordset/767c78b4-1c16-4cac-ad04-66333ac5a7f2'>Marie Selby Botanical Gardens Herbarium - SEL Vascular plants</a>","6,299 Records"
"<a href='https://www.idigbio.org/portal/recordset/e34cf41b-196c-4199-85d5-4d2ca5954b09'>Mecklenburg County Park and Recreation Herbarium - UNCC Vascular plants</a>","6,950 Records"
"<a href='https://www.idigbio.org/portal/recordset/e7016bd5-cb10-45b9-8959-0f5750f7a5db'>University of West Florida - UWFP Vascular plants</a>","21,216 Records"
"<a href='https://www.idigbio.org/portal/recordset/5e29dbcc-ce45-4f05-9bb0-212baffa8932'>University of Mississippi, Thomas M. Pullen Herbarium - MISS Vascular plants</a>","125,145 Records"
"<a href='https://www.idigbio.org/portal/recordset/5a660a44-afdd-45ac-8c48-1a6c570ce0b5'>Institute for Botanical Exploration - IBE Vascular plants</a>","13,654 Records"
"<a href='https://www.idigbio.org/portal/recordset/3056112e-97c6-4d0d-b6c2-3c0a9adaca24'>Mississippi State University - MISSA - Vascular plants</a>","39,246 Records"
"<a href='https://www.idigbio.org/portal/recordset/5486b66d-2082-433d-9223-bd789ebca29c'>Converse College Herbarium - CONV Vascular plants</a>","6,368 Records"
"<a href='https://www.idigbio.org/portal/recordset/a16dc8d8-ff4a-4d62-a684-2937fb292b8d'>Longwood University, Harvill-Stevens Herbarium - FARM Vascular plants</a>","26,140 Records"
"<a href='https://www.idigbio.org/portal/recordset/341611f4-8b65-4655-b244-9be91a1109cd'>Georgia Southwestern State University Herbarium - GSW Vascular plants</a>","972 Records"
"<a href='https://www.idigbio.org/portal/recordset/1d17fdad-d338-4ae0-9232-dbf18eaf9f66'>University of Memphis Herbarium - MEM Vascular plants</a>","11,521 Records"
"<a href='https://www.idigbio.org/portal/recordset/20360fae-574a-4d63-b9f6-47b1cc07fd22'>Eastern Kentucky University, Ronald L. Jones Herbarium - EKY Vascular plants</a>","72,779 Records"
"<a href='https://www.idigbio.org/portal/recordset/a6eee223-cf3b-4079-8bb2-b77dad8cae9d'>Smithsonian NMNH Extant Specimen Records - USNM</a>","5,647,891 Records"
"<a href='https://www.idigbio.org/portal/recordset/6c6f34ed-58a4-4ba2-b9c7-34524f79a349'>Smithsonian NMNH Paleobiology Specimen Records - USNM</a>","644,584 Records"
"<a href='https://www.idigbio.org/portal/recordset/6ac89a16-4604-4a78-9047-dcc57e5c0130'>Morton Arboretum Herbarium - MOR Bryophytes</a>","489 Records"
"<a href='https://www.idigbio.org/portal/recordset/4ef6540c-e6cf-4678-bc43-b57435354de0'>University of Washington Burke Museum Herbarium - WTU Algae</a>","17,198 Records"
"<a href='https://www.idigbio.org/portal/recordset/570dcca6-a84f-43aa-8053-1a2ac60d9ead'>Western Carolina University Herbarium - WCUH</a>","19,503 Records"
"<a href='https://www.idigbio.org/portal/recordset/471835cc-feb6-4d05-a8d1-62ce71399326'>Virginia Polytechnic Institute and State University, Massey Herbarium - VPI</a>","15,837 Records"
"<a href='https://www.idigbio.org/portal/recordset/59734d15-8edb-41a4-b3f2-f9bd3407460b'>Towson University Biodiversity Center Herbarium - BALT Vascular plants</a>","2,788 Records"
"<a href='https://www.idigbio.org/portal/recordset/83ad8494-136b-485a-87d4-8ce01dd6a8de'>University of South Carolina, A. C. Moore Herbarium - USCH Vascular plants</a>","96,274 Records"
"<a href='https://www.idigbio.org/portal/recordset/3ad82604-c4b3-4fd0-b03e-d8f874062146'>University of Kansas Biodiversity Institute - KU Birds</a>","121,999 Records"
"<a href='https://www.idigbio.org/portal/recordset/667c2736-bcd3-4a6a-abf4-db5d2dc815c4'>University of Oregon, Condon Fossil Collection - UOMNH</a>","48,634 Records"
"<a href='https://www.idigbio.org/portal/recordset/995cc7f1-69c3-4317-ab77-28fd48f1e535'>University of Colorado Museum of Natural History Herbarium - COLO Lichens</a>","50,317 Records"
"<a href='https://www.idigbio.org/portal/recordset/db4bb0df-8539-4617-ab5f-eb118aa3126b'>Archbold Biological Station - ABS Arthropods</a>","11,708 Records"
"<a href='https://www.idigbio.org/portal/recordset/ef30a918-b583-41f1-9ac4-4a37591b515a'>Tall Timbers Research Station Natural History Museum - TTRS Lepidoptera</a>","1,376 Records"
"<a href='https://www.idigbio.org/portal/recordset/c2767dde-1315-4d78-abf9-8e098dd588ab'>Milwaukee Public Museum Herbarium - MPM</a>","107,621 Records"
"<a href='https://www.idigbio.org/portal/recordset/6e922c92-b37d-4c46-8982-19d945ff8fd1'>Grand Valley State University Herbarium - GVSC</a>","4,336 Records"
"<a href='https://www.idigbio.org/portal/recordset/a50e98bd-13e9-41fe-a5cc-aee4f240628b'>Hillsdale College Herbarium - HLSD</a>","3,635 Records"
"<a href='https://www.idigbio.org/portal/recordset/b027383d-6705-4d06-8514-db6ef16efdb5'>Seney Wildlife Refuge Herbarium - SENEY</a>","742 Records"
"<a href='https://www.idigbio.org/portal/recordset/bf897c17-06cc-48c1-a7cc-f41b45166880'>Santa Barbara Museum of Natural History - SBMNH Entomology</a>","109,118 Records"
"<a href='https://www.idigbio.org/portal/recordset/71b8ffab-444e-43f9-9a9c-5c42b0eaa5eb'>Carnegie Museum of Natural History - CM Vertebrate Paleontology</a>","79,254 Records"
"<a href='https://www.idigbio.org/portal/recordset/3027c437-cdb3-4072-9410-5a46ec3b1fd5'>University of Vermont, Pringle Herbarium - VT</a>","75,309 Records"
"<a href='https://www.idigbio.org/portal/recordset/139f2c47-4051-4c44-b95a-45fd20b1a8b9'>Oregon State University - OSC Algae</a>","12,120 Records"
"<a href='https://www.idigbio.org/portal/recordset/e794b292-4a94-471e-ab84-6aaef1fea1b3'>George Mason University, Ted R. Bradley Herbarium - GMUF</a>","35,224 Records"
"<a href='https://www.idigbio.org/portal/recordset/0f19f6d6-79a4-434e-ba0b-a4f49f334078'>University of Maine Herbarium - MAINE Vascular plants</a>","21,034 Records"
"<a href='https://www.idigbio.org/portal/recordset/2f484dca-4e55-4d29-ad96-56c96573444f'>Louisiana State University Museum of Natural Science - LSUMZ Ornithology</a>","7,926 Records"
"<a href='https://www.idigbio.org/portal/recordset/e40bcf8a-0d64-4d88-a02d-fa047b195e8b'>Oregon State Arthropod Collection - OSAC Lepidoptera</a>","420 Records"
"<a href='https://www.idigbio.org/portal/recordset/b40e13f7-a79a-4265-93d9-3b4878dfc988'>Bailey-Matthews National Shell Museum - BMSM</a>","109,113 Records"
"<a href='https://www.idigbio.org/portal/recordset/c96ca51c-908e-41cc-ae10-ac1fb72ca3d9'>Black Rock Forest Consortium Herbarium - BRFC</a>","623 Records"
"<a href='https://www.idigbio.org/portal/recordset/347579f4-d44a-4c8e-a578-09c2a8132573'>Brown University - BRU Algae</a>","5,268 Records"
"<a href='https://www.idigbio.org/portal/recordset/8783e947-93cf-4b60-b387-d10642b0eee0'>Mote Marine Lab - MOT Algae</a>","2,829 Records"
"<a href='https://www.idigbio.org/portal/recordset/3501e0a6-1420-45b9-bbf9-77349e79e9d7'>University of Rhode Island Herbarium - KIRI Algae</a>","7,289 Records"
"<a href='https://www.idigbio.org/portal/recordset/e27f0218-47e0-41bc-9086-9d9169096e90'>Paleontological Research Institution - PRI Paleo invertebrates</a>","112 Records"
"<a href='https://www.idigbio.org/portal/recordset/ea9d9c05-11b3-4514-898e-66bd8560ec5b'>Robert F. Hoover Herbarium, Cal Poly State University - OBI Lichens</a>","153 Records"
"<a href='https://www.idigbio.org/portal/recordset/9b34b218-efb2-43b9-9b9e-dac3c470a9f9'>University of Alaska Museum of the North Herbarium - ALA Algae</a>","4,639 Records"
"<a href='https://www.idigbio.org/portal/recordset/d1c20e8e-d875-473b-bfbf-fecf35ed00d0'>University of Iowa Museum of Natural History - SUI Vertebrates</a>","14,865 Records"
"<a href='https://www.idigbio.org/portal/recordset/d0c73947-fce1-4914-abf0-280584f89510'>Louisiana State University Museum of Natural Science - LSUMZ Herpetology</a>","98,585 Records"
"<a href='https://www.idigbio.org/portal/recordset/72b6dbee-bc4d-4e35-a32c-8df0422771fb'>Miami University, Willard Sherman Turrell Herbarium - MU Bryophytes</a>","11,932 Records"
"<a href='https://www.idigbio.org/portal/recordset/312cf3f1-2913-4c63-9ba8-0b870cd3c120'>University of North Carolina Asheville - UNCA Bryophytes</a>","158 Records"
"<a href='https://www.idigbio.org/portal/recordset/4c51ed21-26d8-4b3c-bc5d-e49bbee4fa6d'>New Brunswick Museum - NBM Lichens</a>","10,123 Records"
"<a href='https://www.idigbio.org/portal/recordset/0a854fba-3da1-4d7b-88e1-1204a993ee00'>Luther College Herbarium - LCDI Lichens</a>","93 Records"
"<a href='https://www.idigbio.org/portal/recordset/fa1518c7-2cb3-49a3-98a6-67e0581b7669'>Université Laval, Louis-Marie Herbarium - QFA Lichens</a>","20,457 Records"
"<a href='https://www.idigbio.org/portal/recordset/bfc1bc5b-ddee-4880-a5d5-90f7c950c692'>Agricultural Research Council, Plant Protection Research Institute, Pretoria South Africa - Afrotropical Bees</a>","17,117 Records"
"<a href='https://www.idigbio.org/portal/recordset/14312086-24f8-453a-be6f-d7a0c796a116'>Albany Museum, Grahamstown, South Africa - AM Freshwater invertebrates</a>","60,344 Records"
"<a href='https://www.idigbio.org/portal/recordset/eb526a6d-7f7b-49d9-9341-4e20e065059e'>Albany Museum, Grahamstown, South Africa - AM Terrestrial insects</a>","13,909 Records"
"<a href='https://www.idigbio.org/portal/recordset/58afd7df-a696-4dd6-a765-540f8b31c07d'>Museum of Archaeology, University of Stavanger - SVG Vascular plants</a>","8,158 Records"
"<a href='https://www.idigbio.org/portal/recordset/c5916431-004f-465a-a505-589e2de29c8b'>Museum of Natural History and Archaeology, Norwegian University of Science and Technology, Trondheim - TRH Algae</a>","3,887 Records"
"<a href='https://www.idigbio.org/portal/recordset/dddf9315-7819-4289-b587-6be72e4894d2'>Museum of Natural History and Archaeology, Norwegian University of Science and Technology, Trondheim - TRH Bryophytes</a>","183,272 Records"
"<a href='https://www.idigbio.org/portal/recordset/dd783e7e-36d8-4fcd-b7fe-9a481d785560'>Museum of Natural History and Archaeology, Norwegian University of Science and Technology, Trondheim - TRH Fungi</a>","18,389 Records"
"<a href='https://www.idigbio.org/portal/recordset/8456dc3d-99e2-407c-ab55-4746d382496b'>Museum of Natural History and Archaeology, Norwegian University of Science and Technology, Trondheim - TRH Lichens</a>","41,582 Records"
"<a href='https://www.idigbio.org/portal/recordset/207b6c64-7b58-4d6a-816d-bc759c27eafc'>Museum of Natural History and Archaeology, Norwegian University of Science and Technology, Trondheim - TRH Vascular plants</a>","224,724 Records"
"<a href='https://www.idigbio.org/portal/recordset/589ad4bd-a0aa-4949-bb92-0533ba7edaf2'>Natural History Museum, Oslo - NHMO Birds</a>","110,660 Records"
"<a href='https://www.idigbio.org/portal/recordset/02ff95c9-5a14-459f-a2e4-7f93d87a7559'>Natural History Museum, Oslo - NHMO Entomology</a>","316,437 Records"
"<a href='https://www.idigbio.org/portal/recordset/39de54ef-ecfe-4e9e-9f9c-d4b29f0a893f'>Natural History Museum, Oslo - ZMO Fish</a>","9,684 Records"
"<a href='https://www.idigbio.org/portal/recordset/01017cef-5065-48b2-9db8-3e428971d702'>Natural History Museum, Oslo - O Bryophytes</a>","22,853 Records"
"<a href='https://www.idigbio.org/portal/recordset/e15b02ba-9593-4771-b584-bcc2b7868ce9'>Natural History Museum, Oslo - O Coleoptera</a>","81,889 Records"
"<a href='https://www.idigbio.org/portal/recordset/ea12da76-1b2e-4944-8709-1de3af1c65e2'>Natural History Museum, Oslo - O Fungi</a>","190,505 Records"
"<a href='https://www.idigbio.org/portal/recordset/0eba218d-bccb-45cb-95e2-cc5625be106e'>Natural History Museum, Oslo - O Heteroptera</a>","7,693 Records"
"<a href='https://www.idigbio.org/portal/recordset/a5fe6f13-2121-41dd-a036-dae15546ad91'>Natural History Museum, Oslo - O Mammals</a>","19,309 Records"
"<a href='https://www.idigbio.org/portal/recordset/83a4f2c7-7a52-46cc-a6c6-62b1aad5883d'>Natural History Museum, Oslo - O Plecoptera</a>","6,237 Records"
"<a href='https://www.idigbio.org/portal/recordset/e6ccc2bd-9451-4802-8a51-8640d9f09793'>Natural History Museum, Oslo - O Vascular plants</a>","690,580 Records"
"<a href='https://www.idigbio.org/portal/recordset/c4306d83-64da-4a45-bcb4-efd743caa2a3'>Norwegian College of Fishery Science - NFH Algae</a>","688 Records"
"<a href='https://www.idigbio.org/portal/recordset/92c44030-9b38-4433-9883-3d635fd63888'>Norwegian Entomological Society - NEF Coleoptera</a>","2,880 Records"
"<a href='https://www.idigbio.org/portal/recordset/a0546df1-b727-402f-b9b8-570e65e58026'>Norwegian University of Life Sciences, Department of Ecology and Natural Resource Management - NLH Vascular plants</a>","5,778 Records"
"<a href='https://www.idigbio.org/portal/recordset/da067ad9-b545-4701-aa3b-8d2990f8c1c0'>Norwegian University of Life Sciences, Department of Ecology and Natural Resource Management - NLH Lichens</a>","1,391 Records"
"<a href='https://www.idigbio.org/portal/recordset/011a5f7c-663d-4fed-b11e-58b3b6610005'>Tromsø Museum - TROM Bryophytes</a>","22,032 Records"
"<a href='https://www.idigbio.org/portal/recordset/27b2b46f-4cae-4ffa-870d-b17e51d627f2'>Tromsø Museum - TROM Fungi</a>","29,486 Records"
"<a href='https://www.idigbio.org/portal/recordset/53af19e1-9cb3-4834-8974-62adc640491c'>Tromsø Museum - TROM Lichens</a>","21,023 Records"
"<a href='https://www.idigbio.org/portal/recordset/703b5bdc-4581-47e3-b4b6-e6f32d0eec54'>Tromsø Museum - TROM Vascular plants</a>","172,574 Records"
"<a href='https://www.idigbio.org/portal/recordset/e7644bac-b532-41fb-92ae-1fb6502203f5'>Tromsø Museum - TS Arthropods</a>","17,520 Records"
"<a href='https://www.idigbio.org/portal/recordset/bc41afff-4d56-421e-bc87-45e18b4fe64a'>University of Bergen - ZMBN Entomology</a>","100,433 Records"
"<a href='https://www.idigbio.org/portal/recordset/767e0c9c-3747-4400-896e-26e2ee149b4a'>University of Bergen - BG Fungi</a>","16,452 Records"
"<a href='https://www.idigbio.org/portal/recordset/23ca5883-852a-40ab-b8d3-7e4985202844'>University of Bergen - BG Gastropoda</a>","4,135 Records"
"<a href='https://www.idigbio.org/portal/recordset/c282d7ee-b624-42a2-ace1-aff9bfff5e7c'>University of Bergen - BG Moss</a>","19,723 Records"
"<a href='https://www.idigbio.org/portal/recordset/d2217bca-3a93-4407-bb56-087afa000cbc'>University of Bergen - BG Vascular plants</a>","197,757 Records"
"<a href='https://www.idigbio.org/portal/recordset/3f508496-c860-4701-93e4-84e940c8395e'>University of Minnesota, Bell Museum of Natural History - MIN Lichens</a>","148,084 Records"
"<a href='https://www.idigbio.org/portal/recordset/81d00e23-92aa-45d7-b289-5cf045ddfbf4'>University of Minnesota, Bell Museum of Natural History - JFBM Fish</a>","38,437 Records"
"<a href='https://www.idigbio.org/portal/recordset/adae5c6c-72f3-4cd8-a00b-3ea71d516abc'>University of Minnesota, Bell Museum of Natural History - JFBM Mammals</a>","19,171 Records"
"<a href='https://www.idigbio.org/portal/recordset/ee9d38ef-c1db-44de-b8f2-62acb7049370'>University of Minnesota, Bell Museum of Natural History - MIN Fungi</a>","15,171 Records"
"<a href='https://www.idigbio.org/portal/recordset/9ef17d55-0498-44cf-9da4-dde3e3acb570'>University of Minnesota, Bell Museum of Natural History - MIN Bryophytes</a>","60,142 Records"
"<a href='https://www.idigbio.org/portal/recordset/e2def7e2-1455-4856-9823-6d3738417d24'>University of Minnesota, Bell Museum of Natural History - MIN Vascular Plants</a>","202,626 Records"
"<a href='https://www.idigbio.org/portal/recordset/7c3067c3-c229-4e73-b4aa-c187997ee530'>Native Bee Inventory and Monitoring Lab - US-CA-MX - USGS PWRC Bees</a>","260,950 Records"
"<a href='https://www.idigbio.org/portal/recordset/a549ceb3-f2ba-4eea-b597-94dd392c1914'>Native Bee Inventory and Monitoring Lab - World - USGS PWRC Bees</a>","5,396 Records"
"<a href='https://www.idigbio.org/portal/recordset/5a9ae910-9e4b-488b-af8e-88074fabc3a4'>Connecticut College, Charles B. Graves Herbarium - CCNL</a>","13,641 Records"
"<a href='https://www.idigbio.org/portal/recordset/3d2b5be0-7c1d-4693-9226-94bc0061123b'>Auburn University, Freeman Herbarium - AUA Bryophytes</a>","1,417 Records"
"<a href='https://www.idigbio.org/portal/recordset/18c215c3-c02f-47e9-bb66-196c33c8f672'>Auburn University, Freeman Herbarium - AUA Lichens</a>","1,959 Records"
"<a href='https://www.idigbio.org/portal/recordset/2cebadf7-6d52-49b2-b3a7-d4969a36aa12'>Colgate University, George R. Cooley Herbarium - GRCH</a>","4,916 Records"
"<a href='https://www.idigbio.org/portal/recordset/2b89de41-42bd-46c6-ab61-d386f855f7fb'>University of Puerto Rico Mayagüez - UPRM Invertebrates</a>","6,381 Records"
"<a href='https://www.idigbio.org/portal/recordset/b9ab58cf-785e-44a7-a873-1966e14a6715'>University of California, Davis Center for Plant Diversity Herbarium - DAV</a>","129,178 Records"
"<a href='https://www.idigbio.org/portal/recordset/39289378-eed8-442c-ba0b-fce8b1679d8f'>Western Washington University Herbarium - WWB Lichens</a>","5,336 Records"
"<a href='https://www.idigbio.org/portal/recordset/cc11b4e3-823d-4490-95b2-afe6a1f3a9d2'>Western Washington University Herbarium - WWB Bryophytes</a>","5,213 Records"
"<a href='https://www.idigbio.org/portal/recordset/176d536a-2691-47c4-95c1-c0d47d3abd48'>University of Maine at Fort Kent - UMFK Lichens</a>","46,970 Records"
"<a href='https://www.idigbio.org/portal/recordset/331b6d1b-842e-4c63-aa23-75ef275d8a9f'>Towson University Biodiversity Center Herbarium - BALT Lichens</a>","6,617 Records"
"<a href='https://www.idigbio.org/portal/recordset/a2352be4-1126-4504-ac86-c36234f123fa'>University of Connecticut - UCONN Mammals</a>","9,889 Records"
"<a href='https://www.idigbio.org/portal/recordset/48b4b812-c52e-4f47-9327-e761f6fc2e28'>Fresno City College Bohart-Tardigrada</a>","19,932 Records"
"<a href='https://www.idigbio.org/portal/recordset/86b1f54d-ac01-4c5e-8ed8-09da2689c7a9'>Arizona State University - ASU Mammals</a>","8,416 Records"
"<a href='https://www.idigbio.org/portal/recordset/4dfb5828-3653-4604-ac00-db1e1da98b02'>South Dakota School of Mines & Technology, Museum of Geology - SDSM Botany & Paleobotany</a>","1 Records"
"<a href='https://www.idigbio.org/portal/recordset/7757c07f-18fd-45c2-84cc-60bd3742e100'>South Dakota School of Mines & Technology, Museum of Geology - SDSM Fossil Vertebrates</a>","514 Records"
"<a href='https://www.idigbio.org/portal/recordset/c2dcb184-6c90-4aa3-9ebb-33b2d53837b9'>Angelo State Natural History - ASNHC Mammals</a>","16,217 Records"
"<a href='https://www.idigbio.org/portal/recordset/13bac7f8-ff25-4d02-82d7-516dc6355beb'>Angelo State Natural History - ASNHC Herpetology</a>","14,646 Records"
"<a href='https://www.idigbio.org/portal/recordset/1200dfa1-c9d1-42c9-9be0-2b399f0297e3'>Angelo State Natural History - ASNHC Birds</a>","2,052 Records"
"<a href='https://www.idigbio.org/portal/recordset/90739622-5232-4048-8121-9af9ec69604f'>Orville Bissett Herbarium - CCSU</a>","9,156 Records"
"<a href='https://www.idigbio.org/portal/recordset/93e97f6c-0ab6-41a7-9b58-7e230a80ec1e'>Keene State College Herbarium - KESC</a>","12,022 Records"
"<a href='https://www.idigbio.org/portal/recordset/552ce2e5-b627-4d6d-b914-6b495d0a79e6'>University of Arizona - UAZ Mammals</a>","28,187 Records"
"<a href='https://www.idigbio.org/portal/recordset/2ccbe8d3-c688-4c20-bf24-68a5ef486519'>Swedish Malaise Trap Project Collection Inventory - SMTP Insects</a>","99,830 Records"
"<a href='https://www.idigbio.org/portal/recordset/156e4092-a68c-4b6d-a3a8-a36edcd74867'>Louisiana State University, Museum of Natural Science - LSUMZ Herp Tissues</a>","19,733 Records"
"<a href='https://www.idigbio.org/portal/recordset/a986ff36-22a2-46a5-ac82-513b6fa90423'>Louisiana State University, Museum of Natural Science - LSUMZ Mammal Tissues</a>","6,717 Records"
"<a href='https://www.idigbio.org/portal/recordset/96662fa9-ff60-495b-912a-284f3b98ed72'>University of New Mexico Herbarium - UNM</a>","126,471 Records"
"<a href='https://www.idigbio.org/portal/recordset/fa83c2bd-926c-42f1-8cd4-d57c5fd21f33'>Florida State University Coastal and Marine Laboratory vertebrates - FSUCML</a>","1,015 Records"
"<a href='https://www.idigbio.org/portal/recordset/c4f0b43b-1a43-43bc-b302-2aecd37d8054'>Humboldt State University - HSU Amphibians</a>","718 Records"
"<a href='https://www.idigbio.org/portal/recordset/a2f11cb7-2862-4d0d-aefd-47ea67efd8fd'>Humboldt State University - HSU Reptiles</a>","702 Records"
"<a href='https://www.idigbio.org/portal/recordset/f778ecc0-8371-49d5-9ab1-9d75f0b76fad'>Lund Botanical Museum - LD</a>","777,833 Records"
"<a href='https://www.idigbio.org/portal/recordset/3872f27e-cf4e-40bd-b91b-ba7b723a86e5'>Brigham Young University - BYU Herps</a>","39,322 Records"
"<a href='https://www.idigbio.org/portal/recordset/9e5aede6-bee5-4a3d-a255-513771b20035'>Wisconsin State Herbarium at UW-Madison - WIS</a>","295,790 Records"
"<a href='https://www.idigbio.org/portal/recordset/88595487-6d33-4980-ba54-bcf427c9466e'>Herbarium of Umeå University - UME</a>","93,712 Records"
"<a href='https://www.idigbio.org/portal/recordset/af4f13cd-f1e8-4e18-ac7a-b0aeee90c749'>Gothenburg Herbarium - GB Types</a>","2,217 Records"
"<a href='https://www.idigbio.org/portal/recordset/d38fd1e8-bc15-46b2-92d5-5f3df98cff53'>Gothenburg Herbarium - GB</a>","151,334 Records"
"<a href='https://www.idigbio.org/portal/recordset/90e622c7-f025-4f27-8891-82f0e867155f'>Gothenburg Natural History Museum - GNM Invertebrates</a>","46,710 Records"
"<a href='https://www.idigbio.org/portal/recordset/1e69489f-c371-426e-b0ee-b9eb7ad7c4a6'>Axel W. Erikssons African Birdcollection at Vänersborg Museum - VM</a>","1,000 Records"
"<a href='https://www.idigbio.org/portal/recordset/9d52a7c1-2e4e-4491-9dbd-153094e77f40'>Bird Collection of Otto Hedin - KBD</a>","423 Records"
"<a href='https://www.idigbio.org/portal/recordset/d3920b32-8de2-4c92-a787-71497171595d'>Swedish Museum of Natural History Herbarium - S Algae</a>","15,953 Records"
"<a href='https://www.idigbio.org/portal/recordset/0fb53db0-a7a4-4ac4-8ad3-bc4648b411e0'>Swedish Museum of Natural History Herbarium - S Fungi</a>","205,701 Records"
"<a href='https://www.idigbio.org/portal/recordset/59422682-15ba-47e1-99e2-1ef69f7bdd9a'>Swedish Museum of Natural History - NRM Entomology</a>","98,566 Records"
"<a href='https://www.idigbio.org/portal/recordset/021e2617-7532-4cef-806c-690bed32ab84'>Swedish Museum of Natural History - NRM Fish</a>","51,499 Records"
"<a href='https://www.idigbio.org/portal/recordset/ca356731-2be9-4e68-a475-0c363d12f54a'>Swedish Museum of Natural History - NRM Invertebrate Types</a>","6,948 Records"
"<a href='https://www.idigbio.org/portal/recordset/abbf4722-c63b-492f-b183-cb45ad9f5211'>Swedish Museum of Natural History - NRM Invertebrates</a>","144,765 Records"
"<a href='https://www.idigbio.org/portal/recordset/c5b7dae8-b483-4742-9954-d7f9226daa34'>Lundell Herbarium - LL</a>","52,065 Records"
"<a href='https://www.idigbio.org/portal/recordset/6cc31636-c3e5-4887-bbee-2e56621771c4'>University of Texas Herbarium - TEX</a>","159,080 Records"
"<a href='https://www.idigbio.org/portal/recordset/a68df423-aae9-4f4b-8a42-a36124627a53'>Essig Museum of Entomology - EMEC</a>","220,399 Records"
"<a href='https://www.idigbio.org/portal/recordset/9ab47b07-99a9-4509-884b-be9383908b28'>Museo de Historia Natural, Universidad de San Carlos de Guatemala - USAC Mammals</a>","4,400 Records"
"<a href='https://www.idigbio.org/portal/recordset/a2a7754b-2346-496d-b681-eb754ef32b9e'>Virginia Museum of Natural History - VMNH Paleo Invertebrates</a>","660 Records"
"<a href='https://www.idigbio.org/portal/recordset/d3579463-3a9b-4016-bc10-53b966ffb521'>Biodiversity Research and Teaching Collections - TCWC Marine Invertebrates</a>","22,804 Records"
"<a href='https://www.idigbio.org/portal/recordset/6b546055-ecf5-40dd-a091-67fe6f9531f4'>Plant Bug PBI (Insecta: Heteroptera: Miridae: Orthotylinae, Phylinae) - AMNH</a>","95,767 Records"
"<a href='https://www.idigbio.org/portal/recordset/3a0018d0-9b91-4671-82d2-b635177dace6'>Natural History Museum of Los Angeles County - LACM Entomology</a>","184,364 Records"
"<a href='https://www.idigbio.org/portal/recordset/6e6bec70-a148-49c8-9f97-e64e2dfae5b7'>Illinois State Museum - ISM Ornithology</a>","12,051 Records"
"<a href='https://www.idigbio.org/portal/recordset/eaed5ba6-aa32-4a57-a9e1-afc6b01d1c98'>Illinois State Museum - ISM Ichthyology</a>","1,952 Records"
"<a href='https://www.idigbio.org/portal/recordset/1eb85009-7d5d-4663-8c74-d87b62290365'>Illinois State Museum - ISM Herpetology</a>","2,502 Records"
"<a href='https://www.idigbio.org/portal/recordset/205fa34c-2fcb-4492-b992-972b18560f6f'>Field Museum of Natural History Herbarium - F Seed Plants</a>","490,965 Records"
"<a href='https://www.idigbio.org/portal/recordset/5386d272-06c6-4027-b5d5-d588c2afe5e5'>Missouri Botanical Garden Herbarium - MO</a>","4,419,893 Records"
"<a href='https://www.idigbio.org/portal/recordset/e4ff51ba-5007-4c40-9a86-e8c6f4db77b7'>University of Nevada Herbarium - RENO</a>","56,624 Records"
"<a href='https://www.idigbio.org/portal/recordset/b6d0f953-29b4-41da-a255-2ed07c83edf1'>Luther College Herbarium - LCDI Vascular plants</a>","1,296 Records"
"<a href='https://www.idigbio.org/portal/recordset/a2b36fdf-50bc-44ef-a6a4-ca6dc1dc148a'>University of Colorado Museum of Natural History Herbarium - COLO</a>","177,590 Records"
"<a href='https://www.idigbio.org/portal/recordset/7be20c8d-a23f-406e-8f03-aa9dfb4b30b1'>Chicago Academy of Sciences - CHAS Herpetology</a>","20,957 Records"
"<a href='https://www.idigbio.org/portal/recordset/50cfe20a-9100-4710-89f9-a97bc3aa53d7'>Chicago Academy of Sciences - CHAS Mammalogy</a>","4,605 Records"
"<a href='https://www.idigbio.org/portal/recordset/4bf197cb-6fbc-4b22-82d0-849fffb5906e'>Chicago Academy of Sciences - CHAS Ornithology</a>","13,253 Records"
"<a href='https://www.idigbio.org/portal/recordset/cfe5c00e-bec3-4120-a8eb-62c5353f3e80'>Chicago Academy of Sciences - CHAS Oology</a>","2,391 Records"
"<a href='https://www.idigbio.org/portal/recordset/c7a96a19-db06-48dc-bce7-5bf9bb4921a0'>University of Arizona Museum of Natural History - UAZ Bird</a>","17,704 Records"
"<a href='https://www.idigbio.org/portal/recordset/637d0f2f-a0b4-4f33-a1ad-bd0ab18b620d'>University of Arizona Museum of Natural History - UAZ Herpetology</a>","57,144 Records"
"<a href='https://www.idigbio.org/portal/recordset/99c71f17-1446-4c38-a336-321fe6948dfc'>University of Arkansas Collections Facility - UAFMC Birds</a>","4,266 Records"
"<a href='https://www.idigbio.org/portal/recordset/c5eeb223-0515-423a-a51a-151426c8f60d'>Eastern Michigan University Herbarium - EMC</a>","6,809 Records"
"<a href='https://www.idigbio.org/portal/recordset/531537fc-6349-4a20-ae42-540d61797086'>Iowa State University, Ada Hayden Herbarium - ISC</a>","50,096 Records"
"<a href='https://www.idigbio.org/portal/recordset/b4bcc255-4acf-4966-b9b3-af9dd4e458d1'>Field Museum of Natural History - FMNH Amphibian and Reptile</a>","282,196 Records"
"<a href='https://www.idigbio.org/portal/recordset/3ff3bf5c-7aba-40c3-80b2-1b00ea1abdd5'>Field Museum of Natural History - FMNH Bird Egg</a>","20,991 Records"
"<a href='https://www.idigbio.org/portal/recordset/66427724-af1d-43f8-bc00-cb744e55ac2c'>Field Museum of Natural History - FMNH Bird</a>","496,530 Records"
"<a href='https://www.idigbio.org/portal/recordset/32d433aa-9e2b-4ff9-bc55-5c3e30112207'>Field Museum of Natural History - FMNH Insect, Arachnid and Myriapod</a>","262,928 Records"
"<a href='https://www.idigbio.org/portal/recordset/56879e73-bf9d-4bd9-a7a4-4f2f940d0f62'>Field Museum of Natural History - FMNH Invertebrate</a>","210,452 Records"
"<a href='https://www.idigbio.org/portal/recordset/a7020dbf-35fc-46e8-a441-c0a6b957193c'>Field Museum of Natural History - FMNH Fish</a>","104,430 Records"
"<a href='https://www.idigbio.org/portal/recordset/9e046dad-2b23-4f95-8eaf-c0346de2556e'>Field Museum of Natural History - FMNH Mammals</a>","192,273 Records"
"<a href='https://www.idigbio.org/portal/recordset/029e1b92-bd6c-4037-9a0b-10136a879a74'>Staatliches Museum für Naturkunde Stuttgart - SMNS Herpetologie</a>","7,075 Records"
"<a href='https://www.idigbio.org/portal/recordset/0f3f26e2-cc13-47a3-a268-4c321b621586'>Cowan Tetrapod Collection - UBCBBM Mammals</a>","18,940 Records"
"<a href='https://www.idigbio.org/portal/recordset/a8ae97e3-ece0-4c43-b193-bdd61d724e2d'>Cowan Tetrapod Collection - UBCBBM Birds</a>","18,970 Records"
"<a href='https://www.idigbio.org/portal/recordset/74473bcd-2107-493d-8a78-c66b5d3e5061'>Cowan Tetrapod Collection - UBCBBM Herpetology</a>","1,863 Records"
"<a href='https://www.idigbio.org/portal/recordset/db3181c9-48dd-489f-96ab-a5888f5a938c'>South Dakota School of Mines & Technology, Museum of Geology - SDSM Fossil Invertebrates</a>","1,134 Records"
"<a href='https://www.idigbio.org/portal/recordset/34344d35-1857-4ef3-924e-bfab3c2524fd'>Culture Collection of Algae at The University of Texas -UTEX</a>","2,813 Records"
"<a href='https://www.idigbio.org/portal/recordset/da67ebd9-52de-444d-b114-e23c03111ac6'>Macaulay Library Audio and Video Collection</a>","217,239 Records"
"<a href='https://www.idigbio.org/portal/recordset/4f436daa-01d5-4be6-b5c3-fdd255677536'>Virginia Polytechnic Institute and State University - VPI Insects</a>","2,275 Records"
"<a href='https://www.idigbio.org/portal/recordset/a6e02b78-6fc6-4cb6-bb87-8d5a443f2c2a'>Bernice P. Bishop Museum - BPBM</a>","836,963 Records"
"<a href='https://www.idigbio.org/portal/recordset/6d9d4f55-4cb4-4c8f-acc7-b465eb5f703c'>Louisiana State University, Museum of Natural Science - LSUMZ Fish</a>","17,672 Records"
"<a href='https://www.idigbio.org/portal/recordset/2c00c297-9ebd-498a-b701-d3ebde4b49f3'>Natural History Museum of Utah, Garrett Herbarium - UT</a>","3,304 Records"
"<a href='https://www.idigbio.org/portal/recordset/62c310ac-e1ff-47bc-860d-0471a84ed0d3'>Sam Noble Oklahoma Museum of Natural History - OMNH Invert Paleontology</a>","210,019 Records"
"<a href='https://www.idigbio.org/portal/recordset/0cf71170-c4ea-4fb2-b13e-66a4f62d3a2d'>University of Alberta - UAMZ Fish</a>","10,699 Records"
"<a href='https://www.idigbio.org/portal/recordset/147f3f52-4399-474b-b43d-8379c680d67b'>University of Alberta - UAMZ Amphibians and Reptiles</a>","4,475 Records"
"<a href='https://www.idigbio.org/portal/recordset/dd91b2ab-b30d-4945-8f37-276b3af5fda6'>University of Alberta - UAMZ Birds</a>","7,937 Records"
"<a href='https://www.idigbio.org/portal/recordset/f77daa20-545c-4fce-812c-cdb4d658dfa5'>University of Alberta - UAMZ Mammals</a>","10,520 Records"
"<a href='https://www.idigbio.org/portal/recordset/1f9209f0-ecf2-4c3e-8ec5-bfacec1e5b9c'>University of Alberta - UASM Entomology</a>","303,837 Records"
"<a href='https://www.idigbio.org/portal/recordset/0ed8a17e-149b-4cbe-8383-7676da92ea1c'>University of Alberta Herbarium - ALTA Vascular Plants</a>","74,988 Records"
"<a href='https://www.idigbio.org/portal/recordset/11d3ad3b-38de-4709-8544-ec3c26d96607'>Academy of Natural Sciences of Philadelphia - ANSP Fish</a>","146,574 Records"
"<a href='https://www.idigbio.org/portal/recordset/f9a33279-d6ba-41c7-a511-ef6adfcb6e20'>Florida Museum of Natural History - UF Fossil Vertebrates</a>","146,574 Records"
"<a href='https://www.idigbio.org/portal/recordset/d5a1b706-c624-43df-afcf-9cea7094e75b'>Northern Illinois University Herbarium - DEK Plants</a>","1,007 Records"
"<a href='https://www.idigbio.org/portal/recordset/1ba0bbad-28a7-4c50-8992-a028f79d1dc5'>Florida Museum of Natural History - UF Fossil Invertebrates</a>","249,368 Records"
"<a href='https://www.idigbio.org/portal/recordset/d0105f1d-a9a0-4cd4-817d-aebfb5512923'>Fort Hays Sternberg Museum - FHSM Mammals</a>","39,529 Records"
"<a href='https://www.idigbio.org/portal/recordset/28ddc5cc-5aa4-42cc-a29d-4d516de9ba86'>Fort Hays Sternberg Museum - FHSM Herps</a>","15,389 Records"
"<a href='https://www.idigbio.org/portal/recordset/8960fcec-05c0-43c5-a83e-87ace7d3091d'>Fort Hays Sternberg Museum - FHSM Fish</a>","25,535 Records"
"<a href='https://www.idigbio.org/portal/recordset/2c2cc29c-3572-4568-a129-c8cbec34ccbe'>American Museum of Natural History - AMNH Invertebrate Paleontology</a>","973 Records"
"<a href='https://www.idigbio.org/portal/recordset/14f8f83f-7a0c-458c-b6d5-6da7dc8eaa0a'>Morton Arboretum Herbarium - MOR Plants</a>","84,323 Records"
"<a href='https://www.idigbio.org/portal/recordset/be31dfd1-c721-4697-8ee0-f7043c070810'>Butler University, Friesner Herbarium - BUT Plants</a>","14,959 Records"
"<a href='https://www.idigbio.org/portal/recordset/e01c69a9-c561-4e3d-8a2e-cfeeb4d9528e'>San Diego Natural History Museum - SDNHM Birds</a>","49,262 Records"
"<a href='https://www.idigbio.org/portal/recordset/2e4ccf50-bb7d-43a6-9640-088b248c2c5a'>Utah Valley University Herbarium - UVSC Plants</a>","15,979 Records"
"<a href='https://www.idigbio.org/portal/recordset/4523e216-ee13-4b15-a3f7-a6fd56431604'>Lousiana State University Herbarium - LSU Plants</a>","111,981 Records"
"<a href='https://www.idigbio.org/portal/recordset/7b0809fb-fd62-4733-8f40-74ceb04cbcac'>University of Texas (Non-vertebrate Paleo Lab) - NPL Fossil Invertebrates</a>","99,463 Records"
"<a href='https://www.idigbio.org/portal/recordset/63dee426-7b24-4217-a5fc-76428f3aa74f'>UCLA Donald R. Dickey Bird and Mammal Collection - UCLA Birds / Mammals</a>","62,125 Records"
"<a href='https://www.idigbio.org/portal/recordset/50b4c365-5472-4fe8-8825-b1fa0ac57fb3'>University of Colorado Museum of Natural History - UCM Eggs / Nests</a>","631 Records"
"<a href='https://www.idigbio.org/portal/recordset/bfb53140-79c1-4625-81aa-3f37de7c0c2f'>Southern Utah University Herbarium - SUU Plants</a>","1,195 Records"
"<a href='https://www.idigbio.org/portal/recordset/66fc2613-3189-42ed-b230-ed772e8ff748'>Delaware Museum of Natural History - DMNH Eggs</a>","97 Records"
"<a href='https://www.idigbio.org/portal/recordset/1e6c8187-1521-4501-b205-ac8f513d5e04'>University of Michigan - MICH Algae</a>","54,348 Records"
"<a href='https://www.idigbio.org/portal/recordset/8660ce9a-31c9-48ee-b5bc-9e6ba248ec0f'>California State University, Chico - CSUC Mammals</a>","5,254 Records"
"<a href='https://www.idigbio.org/portal/recordset/c778d536-e9d4-422e-8e34-1d74a01f4c48'>University of Minnesota Bell Museum - MMNH Birds</a>","48,114 Records"
"<a href='https://www.idigbio.org/portal/recordset/76fd34da-4892-4821-858d-98fe9e28ba8b'>Valdosta State University Herbarium - VSC Vascular plants</a>","66,337 Records"
"<a href='https://www.idigbio.org/portal/recordset/ab56632e-dbf5-493f-bcb1-0b77bcdfebfd'>Oregon State University - OS Herpetology</a>","58,475 Records"
"<a href='https://www.idigbio.org/portal/recordset/cb790bee-26da-40ed-94e0-d179618f9bd4'>American Museum of Natural History - AMNH Mammals</a>","290,333 Records"
"<a href='https://www.idigbio.org/portal/recordset/7ce9b7d0-a8da-4528-bbe3-2c4f407f9cea'>American Museum of Natural History - AMNH Herpetology</a>","349,178 Records"
"<a href='https://www.idigbio.org/portal/recordset/b3d38693-5f9b-484d-aca3-6cefcc5b08e0'>University of Washington Burke Museum - UWFC Fish</a>","150,169 Records"
"<a href='https://www.idigbio.org/portal/recordset/21ea1ef6-4a2a-4ff2-a18b-5c0f297fc1cf'>University of Washington Burke Museum - UWBM Mammals</a>","55,189 Records"
"<a href='https://www.idigbio.org/portal/recordset/1ea148f3-17d9-4af8-b49f-bb17affe24d8'>University of Washington Burke Museum - UWBM Birds</a>","100,958 Records"
"<a href='https://www.idigbio.org/portal/recordset/d621e959-2633-4ec1-a2a2-5d97cd818b47'>University of Colorado Museum of Natural History - CU Invertebrate Paleontology</a>","67,460 Records"
"<a href='https://www.idigbio.org/portal/recordset/cb33cf97-2a7b-4b45-9b73-5aca568332a6'>Eastern Illinois University, Stover-Ebinger Herbarium - EIU</a>","16,519 Records"
"<a href='https://www.idigbio.org/portal/recordset/433d3c37-8dde-42e4-a344-2cb6605c5da2'>Arizona State University - ASU Fruit & Seeds</a>","214 Records"
"<a href='https://www.idigbio.org/portal/recordset/2d47501f-dbed-43ce-a9c3-9c8542648ce4'>Arizona State University - ASU Pollen</a>","6,811 Records"
"<a href='https://www.idigbio.org/portal/recordset/40250f4d-7aa6-4fcc-ac38-2868fa4846bd'>Arizona State University Herbarium - ASU Vascular Plants</a>","201,442 Records"
"<a href='https://www.idigbio.org/portal/recordset/df22987f-d20d-41db-b8eb-8b5f5fca6df0'>University of Alaska Museum of the North Herbarium - ALA Cryptogams</a>","50,282 Records"
"<a href='https://www.idigbio.org/portal/recordset/0377a9ab-eea0-4580-8c6a-a33c88647122'>University of Texas at Arlington - UTA Amphibian and Reptile</a>","114,276 Records"
"<a href='https://www.idigbio.org/portal/recordset/79dfdec6-3e24-489c-a7ce-85dcc52bc3f9'>Texas A&M - TCWC Vertebrates</a>","219,874 Records"
"<a href='https://www.idigbio.org/portal/recordset/fd9201e8-391d-4ab2-b7d4-b5dc39b0e995'>University of Nevada, Reno - UNR Herpetology</a>","6,080 Records"
"<a href='https://www.idigbio.org/portal/recordset/9c5e903b-7d8b-4d06-825d-5857ab7d61b5'>University of Nevada, Reno - UNR Mammals</a>","414 Records"
"<a href='https://www.idigbio.org/portal/recordset/605bb19b-7564-4e6d-a5df-8ec841d68ba0'>Delaware Museum of Natural History - DMNH Birds</a>","76,365 Records"
"<a href='https://www.idigbio.org/portal/recordset/cd9e44d9-40cd-4a75-ab9c-4db2ac9e87ea'>New Mexico Museum of Natural History and Science - NMMNH Mammal</a>","6,211 Records"
"<a href='https://www.idigbio.org/portal/recordset/a8add96d-651c-488e-8ca3-ed3f85c7a117'>Denver Museum of Nature & Science - DMNS Egg/Nest</a>","6,942 Records"
"<a href='https://www.idigbio.org/portal/recordset/1e86442f-35a5-4e7b-9a38-4599e4d3b510'>Denver Museum of Nature & Science - DMNS Marine Invertebrate</a>","3,653 Records"
"<a href='https://www.idigbio.org/portal/recordset/be34dbd9-5d54-4837-9f49-ff423eb18e8b'>Illinois Natural History Survey - INHS Amphibian and Reptile</a>","23,039 Records"
"<a href='https://www.idigbio.org/portal/recordset/2e746628-f895-4367-ae31-62e81e0b6b98'>Royal Ontario Museum - ROME Entomology</a>","3,187 Records"
"<a href='https://www.idigbio.org/portal/recordset/b2b294ed-1742-4479-b0c8-a8891fccd7eb'>Robert K. Godfrey Herbarium - FSU</a>","79,797 Records"
"<a href='https://www.idigbio.org/portal/recordset/06c35934-1b75-4196-838d-29d509951bf9'>Tall Timbers Research Station and Land Conservancy - TTRS Herbarium</a>","10,344 Records"
"<a href='https://www.idigbio.org/portal/recordset/0d05a365-36e8-4150-a350-23ed33f79b17'>Ohio University - OUIP Fossil Invertebrates</a>","2,412 Records"
"<a href='https://www.idigbio.org/portal/recordset/1ebb0c8e-31f2-4564-b75d-65196bee4f09'>University of Kansas - KUBI Fossil Vertebrates</a>","78,211 Records"
"<a href='https://www.idigbio.org/portal/recordset/f4bec217-9676-4fc0-be90-856b4b89d4d1'>Michigan State University Herbarium - MSC Lichens</a>","116,417 Records"
"<a href='https://www.idigbio.org/portal/recordset/05c029de-734c-450a-a41a-56061b7ebb18'>Michigan State University Herbarium - MSC Vascular Plants</a>","65,326 Records"
"<a href='https://www.idigbio.org/portal/recordset/4a1f1862-cb5f-42c5-b3c8-bfc51b1fd140'>Oregon State University - OS Fish</a>","18,401 Records"
"<a href='https://www.idigbio.org/portal/recordset/cab6d230-499b-4a21-9cc2-2750e14e92f8'>Auburn University - AUM Fish</a>","63,330 Records"
"<a href='https://www.idigbio.org/portal/recordset/bc13ff8e-6f31-4f3d-b47a-38e3ce8a2194'>Tulane University - TU Fish</a>","203,669 Records"
"<a href='https://www.idigbio.org/portal/recordset/8fc08919-1137-42e4-9fa5-9e64f1e5757b'>Yale Peabody Museum - YPM Birds</a>","147,277 Records"
"<a href='https://www.idigbio.org/portal/recordset/6b5e29d3-b462-44d8-ba38-d68af5088067'>Yale Peabody Museum - YPM Entomology</a>","194,923 Records"
"<a href='https://www.idigbio.org/portal/recordset/30ab9c2a-0b54-4c04-84ca-bc7abdd90b52'>Yale Peabody Museum - YPM Fish</a>","28,072 Records"
"<a href='https://www.idigbio.org/portal/recordset/cf60ed8a-2c79-4b85-a259-15a8e216dae4'>Yale Peabody Museum - YPM Herpetology</a>","38,659 Records"
"<a href='https://www.idigbio.org/portal/recordset/b5f4526b-f4fb-4d90-8ce0-975e0cda8ff6'>Yale Peabody Museum - YPM Invertebrates</a>","116,211 Records"
"<a href='https://www.idigbio.org/portal/recordset/76015dea-c909-4e6d-a8e1-3bf35763571e'>Yale Peabody Museum - YPM Mammals</a>","15,572 Records"
"<a href='https://www.idigbio.org/portal/recordset/0220907a-0463-4ae0-8a0b-77f5e80fff40'>Yale Peabody Museum - YPM Vertebrate paleontology</a>","71,647 Records"
"<a href='https://www.idigbio.org/portal/recordset/137ed4cd-5172-45a5-acdb-8e1de9a64e32'>Yale Peabody Museum - YPM Invertebrate paleontology</a>","353,086 Records"
"<a href='https://www.idigbio.org/portal/recordset/7ae4d15d-62e2-459b-842a-446f921b9d3f'>Yale Peabody Museum - YPM Paleobotany</a>","91,002 Records"
"<a href='https://www.idigbio.org/portal/recordset/1527b668-b797-42be-94d3-0058e1393e94'>Yale Peabody Museum - YU Botany</a>","108,070 Records"
"<a href='https://www.idigbio.org/portal/recordset/0b17c21a-f7e2-4967-bdf8-60cf9b06c721'>California Consotrium of Herbaria - CCH</a>","1,860,587 Records"
"<a href='https://www.idigbio.org/portal/recordset/e3efdab9-2200-480c-8960-e163ee23dddf'>Cincinnati Museum Center - CMC Herpetology</a>","9,131 Records"
"<a href='https://www.idigbio.org/portal/recordset/781fd581-7b93-471e-a025-413e4bcd8491'>Florida Museum of Natural History - FLAS</a>","78,731 Records"
"<a href='https://www.idigbio.org/portal/recordset/5aac25d2-bcfb-4084-a700-584311ea539d'>Denver Museum of Nature & Science - DMNS Entomology</a>","42,702 Records"
"<a href='https://www.idigbio.org/portal/recordset/b4d4e884-a2ef-4967-b4cb-2072fc465eaf'>University of Alaska Museum of the North - UAM Mammals</a>","118,980 Records"
"<a href='https://www.idigbio.org/portal/recordset/e506c5e0-99b6-4e97-b7b4-4536cb80209b'>Cornell University Museum of Vertebrates - CUMV Bird</a>","54,910 Records"
"<a href='https://www.idigbio.org/portal/recordset/4fecde59-9f59-44eb-ab6f-4a50b4ed85cf'>Cornell University Museum of Vertebrates - CUMV Fish</a>","90,152 Records"
"<a href='https://www.idigbio.org/portal/recordset/19daf0a7-5e37-41e6-97f8-4494553c358c'>UC Berkeley, Museum of Vertebrate Zoology - MVZ Bird</a>","185,106 Records"
"<a href='https://www.idigbio.org/portal/recordset/fcbcb214-cd62-4453-af56-b4b49161a261'>UC Berkeley, Museum of Vertebrate Zoology - MVZ Mammals</a>","232,262 Records"
"<a href='https://www.idigbio.org/portal/recordset/b3976394-a174-4ceb-8d64-3a435d66bde6'>UC Berkeley, Museum of Vertebrate Zoology - MVZ Herpetology</a>","268,764 Records"
"<a href='https://www.idigbio.org/portal/recordset/2d853a6d-50ec-4931-8e91-48fc2491fdee'>Los Angeles County Museum - LACM Vertebrates</a>","572,322 Records"
"<a href='https://www.idigbio.org/portal/recordset/93341fe7-38f8-4ef2-8dfc-ae550aa522dc'>Cornell University Museum of Vertebrates - CUMV Mammals</a>","26,296 Records"
"<a href='https://www.idigbio.org/portal/recordset/0e2f3962-e905-48f2-a1c6-19d16e2bd5ba'>Denver Museum of Nature & Science - DMNS Mammals</a>","14,140 Records"
"<a href='https://www.idigbio.org/portal/recordset/09b18522-5643-478f-86e9-d2e34440d43e'>Museum of Southwestern Biology - MSB Mammals</a>","288,381 Records"
"<a href='https://www.idigbio.org/portal/recordset/b6ec6203-09db-4d6e-8cba-ee4bebd2934c'>University of Alaska Museum of the North - ALA Vascular Plants</a>","197,099 Records"
"<a href='https://www.idigbio.org/portal/recordset/654e092c-edbd-456c-8cce-2bcbdff71a04'>UC Berkeley, Museum of Vertebrate Zoology - MVZ Egg and Nest</a>","14,521 Records"
"<a href='https://www.idigbio.org/portal/recordset/984cbaa8-d801-4aa9-ad57-ec469f103a2f'>University of Wyoming Museum of Vertebrates - UWYMV Herpetology</a>","8 Records"
